0.173606667,0.102855594
0.173786461,0.0800125
0.173606667,0.102855594
0.17383621,0.115596473
0.173786461,0.0800125
0.173786461,0.0800125
0.17798403,0.08455282
0.175936381,0.060395525
0.174734269,0.181057158
0.174382249,0.08194661
0.175319566,0.07907847
0.174065468,0.150640046
0.180398779,0.080034315
0.177031667,0.09331242
0.176916678,0.084219783
0.178608938,0.084464669
0.175598447,0.24592137
0.175598447,0.24592137
0.175598447,0.24592137
0.175598447,0.24592137
0.175460034,0.218237203
0.175460034,0.218237203
0.175489384,0.234573779
0.175628345,0.226773562
0.175702568,0.269003813
0.175460034,0.218237203
0.175378345,0.193130868
0.17564516,0.196841906
0.175702568,0.269003813
0.176430434,0.196692785
0.175749269,0.236228893
0.176775342,0.099182865
0.170199144,0.086300274
0.170199144,0.086300274
0.170199144,0.086300274
0.170899075,0.094796427
0.170199144,0.086300274
0.170752272,0.123296358
0.170374395,0.07616363
0.170752272,0.123296358
0.170899075,0.094796427
0.171412534,0.076765331
0.172175776,0.054799418
0.17173387,0.033577877
0.168627534,0.107737648
0.173049543,0.150811918
0.168939783,0.074552877
0.172442021,0.133524669
0.176241655,0.037535765
0.169469703,0.099802169
0.169974258,0.134765422
0.172568288,0.166926553
0.171704521,0.155510468
0.171788196,0.104872386
0.177153242,0.222450331
0.17636226,0.164661073
0.177056747,0.206534692
0.176672089,0.186028642
0.177153242,0.222450331
0.17636226,0.164661073
0.177855263,0.310663025
0.177874452,0.235695833
0.179285046,0.382124886
0.17848089,0.121327808
0.176058253,0.148587489
0.178552158,0.109001039
0.17828484,0.148171906
0.177056747,0.206534692
0.179572785,0.126362934
0.180762774,0.199200548
0.178922249,0.277988459
0.178804897,0.115565354
0.180338916,0.134826895
0.1775379,0.176491655
0.178402568,0.126621358
0.166180331,0.180103527
0.166936895,0.163307991
0.166179703,0.130492432
0.166179703,0.130492432
0.166756849,0.209751701
0.166936895,0.163307991
0.165335833,0.180115457
0.166756849,0.209751701
0.166968699,0.224152352
0.169046541,0.068110708
0.165234178,0.141560422
0.169163801,0.227764954
0.167563721,0.208152374
0.167426027,0.224068253
0.168068767,0.228829977
0.166523025,0.227169224
0.168381804,0.220965811
0.167821678,0.08133032
0.167564715,0.14728863
0.167564715,0.14728863
0.168299669,0.076053687
0.168939783,0.074552877
0.168299669,0.076053687
0.169251016,0.152639954
0.168905114,0.175496758
0.168905114,0.175496758
0.168217489,0.191326826
0.170676804,0.187199829
0.170366918,0.212246963
0.171963721,0.202797215
0.170575765,0.231137386
0.16933589,0.220854532
0.171027546,0.236566313
0.171239247,0.243806998
0.169656689,0.234559897
0.172241667,0.237156164
0.167660742,0.096165913
0.174259452,0.09979476
0.174342021,0.117270114
0.17426661,0.071301632
0.174342021,0.117270114
0.174259452,0.09979476
0.175982511,0.037344041
0.174728288,0.058505765
0.174892397,0.096786347
0.173869966,0.0438804
0.174830925,0.147738265
0.175030514,0.150291541
0.177755023,0.064129144
0.173611849,0.10298613
0.174830925,0.147738265
0.17547161,0.04195097
0.172876393,0.055978037
0.174747683,0.163217683
0.174196644,0.051039646
0.174191039,0.147701621
0.175565742,0.17069847
0.174432443,0.098621461
0.172940651,0.105814338
0.173486655,0.124461313
0.174848904,0.131874589
0.187480263,0.151186804
0.18797274,0.141511884
0.186097146,0.120225628
0.184921724,0.131753242
0.188340468,0.154854566
0.191618082,0.226339749
0.19333903,0.360816119
0.194591587,0.427660103
0.194802215,0.399168516
0.191217854,0.281047397
0.184848014,0.093889646
0.187597432,0.113419475
0.187656998,0.12308726
0.182665342,0.12792605
0.183340822,0.085198162
0.187931005,0.18095637
0.182787865,0.097681473
0.182387968,0.09589895
0.180563231,0.11012718
0.183629064,0.110946564
0.180563231,0.11012718
0.1819654,0.108030068
0.186223459,0.181122865
0.190600491,0.234510445
0.180698048,0.127451689
0.190043185,0.263193836
0.184874018,0.196366701
0.174993162,0.246163505
0.175017283,0.235947112
0.175017283,0.235947112
0.175673276,0.236859829
0.174620731,0.228578379
0.174766804,0.279672671
0.174420171,0.243748436
0.175165731,0.18393089
0.174620731,0.228578379
0.17429121,0.223614053
0.174863527,0.2121796
0.174420171,0.243748436
0.174511393,0.22078395
0.175691804,0.187625046
0.175409178,0.29830887
0.175535263,0.206964692
0.176027557,0.194990217
0.175216952,0.165671564
0.175287215,0.14913089
0.175734372,0.176464384
0.17523097,0.174748368
0.176081427,0.210271678
0.175963356,0.189031005
0.175187283,0.136421427
0.175963356,0.189031005
0.175187283,0.136421427
0.173388699,0.217158322
0.172557831,0.220408459
0.17290726,0.234428664
0.174030114,0.234097705
0.174389338,0.219899795
0.174341427,0.183411735
0.173720731,0.168264418
0.172712911,0.252950947
0.174128505,0.227752991
0.174345913,0.223927477
0.173314635,0.184166416
0.175015662,0.065828071
0.175508379,0.085838699
0.177178242,0.077809269
0.17745387,0.07701774
0.175015662,0.065828071
0.175015662,0.065828071
0.173338345,0.054035833
0.178305354,0.050735011
0.179995685,0.09594129
0.179167694,0.112516027
0.189238151,0.16753468
0.1870671,0.137810388
0.187886838,0.186463242
0.186998881,0.124065582
0.188841507,0.10852121
0.18833758,0.113400594
0.186555479,0.087609258
0.179257123,0.088272066
0.188054486,0.12615847
0.189481461,0.222403779
0.174537865,0.158153779
0.174800879,0.137706176
0.174800879,0.137706176
0.172536062,0.129683048
0.177368961,0.088003653
0.171514144,0.119669201
0.170449087,0.132726598
0.170309555,0.10735153
0.172169235,0.114855868
0.171523916,0.097837386
0.170967123,0.088165685
0.170721062,0.064223333
0.171294087,0.133327614
0.169088493,0.111916336
0.172493322,0.106383082
0.170286689,0.082549349
0.171053037,0.089185639
0.164285011,0.081863858
0.166260571,0.109907146
0.164837021,0.086248893
0.16857121,0.118084874
0.164285011,0.081863858
0.16796024,0.126491849
0.185704075,0.110925628
0.188775776,0.195187089
0.187244486,0.119089521
0.186960308,0.071339737
0.189941039,0.248834897
0.187368801,0.135282477
0.175508379,0.085838699
0.174931005,0.091839977
0.174425468,0.134567831
0.172851347,0.077517557
0.174496153,0.132348185
0.172784909,0.114424247
0.17595661,0.166303573
0.172676142,0.082183813
0.1720696,0.078019121
0.170743048,0.071254372
0.171353059,0.063083116
0.164086233,0.073435445
0.165704429,0.074660696
0.165748356,0.061775068
0.165559521,0.072212557
0.166324281,0.056831747
0.167787272,0.034404201
0.165386073,0.057957534
0.163389669,0.066565103
0.16421758,0.085933094
0.16421758,0.085933094
0.164301541,0.041677523
0.165082203,0.082947352
0.168354463,0.079124269
0.180271781,0.056605559
0.179279189,0.036830491
0.182871963,0.056220091
0.185550297,0.051637511
0.187057043,0.069933927
0.18459,0.097654132
0.183746016,0.106977489
0.187330137,0.171068447
0.186955342,0.153755594
0.184852146,0.136131769
0.184524635,0.17802774
0.183105251,0.185831986
0.188404452,0.198840491
0.181590765,0.044105354
0.16848726,0.048468094
0.166775183,0.03239895
0.166610616,0.043457386
0.167787272,0.034404201
0.168530959,0.054915285
0.16884516,0.061176712
0.168957671,0.090148425
0.168016518,0.094232591
0.172873208,0.101637352
0.171885377,0.097052717
0.173827968,0.095367283
0.175454326,0.15439911
0.174884509,0.121455639
0.172584463,0.129135354
0.171738584,0.095887763
0.16576863,0.038739783
0.169911701,0.064091484
0.176777945,0.100689635
0.173740251,0.0509579
0.178513699,0.09792589
0.181602329,0.160538322
0.179602957,0.145191005
0.175738607,0.117745194
0.175602728,0.153841039
0.182150571,0.112246084
0.180389749,0.111762603
0.175522511,0.144628368
0.174933436,0.147569452
0.172604315,0.093303664
0.1730896,0.084495228
0.19582468,0.177930833
0.194221598,0.11270218
0.193036416,0.123424406
0.19286113,0.135901244
0.19524226,0.098746632
0.191021233,0.206233333
0.190641712,0.1944379
0.189887751,0.25218113
0.198314555,0.200162397
0.194882123,0.150228847
0.198106872,0.141894087
0.197940799,0.154256005
0.198048573,0.160019966
0.200734304,0.523156587
0.196020365,0.146818105
0.193678676,0.091776221
0.200594281,0.232961484
0.199800388,0.51487387
0.201740171,0.260359429
0.19814379,0.206772865
0.200552363,0.231724954
0.187216575,0.265448642
0.187448584,0.272789715
0.190003379,0.3573096
0.191410342,0.332510879
0.192019224,0.275958208
0.193214874,0.314318208
0.19405395,0.32849839
0.195654087,0.394535011
0.192963356,0.459207386
0.187759772,0.266937877
0.186367112,0.239299703
0.189455674,0.440931918
0.185218162,0.395305696
0.186311404,0.394080525
0.184530034,0.43330258
0.188482089,0.395492591
0.188431667,0.480385959
0.189717968,0.461588493
0.189326142,0.37276492
0.190549749,0.537223402
0.194599783,0.382610491
0.194599783,0.382610491
0.196288847,0.25977476
0.189719817,0.315995274
0.191851073,0.304712603
0.197809749,0.299206918
0.200556107,0.403676541
0.192141541,0.359494989
0.192627774,0.328129852
0.181470799,0.319367032
0.18405371,0.355026416
0.175225411,0.251048322
0.175078059,0.244021495
0.174031758,0.224976712
0.179714566,0.298452112
0.182157055,0.306965331
0.188859178,0.388681735
0.186333356,0.398964612
0.184024384,0.410777648
0.176315799,0.321183459
0.178148664,0.283186244
0.171647123,0.136472854
0.172547409,0.238806724
0.198993836,0.15749847
0.197872123,0.205331279
0.201125126,0.238110148
0.199084372,0.167040046
0.203110537,0.452979075
0.206029315,0.467666735
0.200938162,0.130421427
0.194030103,0.318280731
0.196052534,0.270923276
0.195249521,0.517675605
0.1959829,0.485983002
0.191719532,0.317326963
0.191984909,0.199521575
0.193065217,0.322824977
0.197553379,0.470898756
0.196221598,0.473245388
0.199698333,0.459252226
0.190906644,0.181403413
0.183872877,0.37260113
0.184054418,0.385136096
0.185258116,0.283047466
0.187447352,0.384496541
0.181693413,0.294347043
0.185655742,0.394066427
0.199621621,0.367330354
0.193457192,0.385163973
0.197163002,0.427209532
0.199419486,0.319365217
0.198277146,0.450742979
0.192322546,0.469483231
0.192534361,0.496599463
0.196089418,0.4994571
0.195092968,0.508604201
0.195783813,0.462127432
0.197887295,0.488349726
0.19260637,0.444248779
0.2031196,0.276060685
0.204282808,0.321643733
0.204169384,0.336845868
0.163302329,0.105035753
0.173501518,0.31651411
0.173501518,0.31651411
0.173501518,0.31651411
0.173501518,0.31651411
0.174597557,0.337547146
0.173612671,0.277216221
0.173501518,0.31651411
0.174661518,0.334869954
0.174597557,0.337547146
0.176071632,0.35674008
0.179330913,0.379051826
0.178055753,0.363093094
0.178388881,0.36573161
0.176238596,0.443420525
0.176686689,0.46899734
0.176686689,0.46899734
0.176686689,0.46899734
0.176228516,0.463335696
0.176090263,0.350411655
0.174228402,0.289183425
0.175260525,0.440726187
0.176761792,0.382993082
0.174134498,0.249214886
0.174120205,0.305453562
0.174513699,0.316026164
0.174513699,0.316026164
0.174120205,0.305453562
0.175848299,0.360884418
0.170520605,0.217525046
0.174475023,0.305393037
0.171907637,0.248629932
0.171907637,0.248629932
0.17283234,0.286208904
0.172728505,0.272206872
0.170977626,0.208094463
0.168814429,0.18214976
0.169366564,0.188384189
0.172355947,0.231297705
0.172499326,0.247140856
0.172355947,0.231297705
0.171284943,0.225744817
0.169951518,0.195377409
0.165722443,0.123637489
0.165989612,0.197226895
0.169672169,0.273114429
0.165989612,0.197226895
0.164313002,0.130686518
0.171394498,0.262501587
0.165939989,0.172582386
0.178689087,0.3085421
0.178748927,0.39121984
0.179263676,0.344648984
0.178683368,0.343563128
0.180054224,0.296808676
0.179256324,0.31214379
0.179160753,0.283116849
0.177637317,0.401319966
0.176983094,0.361966632
0.17777895,0.35213113
0.177637317,0.401319966
0.176305342,0.267230731
0.17578984,0.346372991
0.181125685,0.327613916
0.181125685,0.327613916
0.181125685,0.327613916
0.180852614,0.297316724
0.181125685,0.327613916
0.1828925,0.375829463
0.181106427,0.378711884
0.173831769,0.291828333
0.173831769,0.291828333
0.173831769,0.291828333
0.17346976,0.254364384
0.173831769,0.291828333
0.173416244,0.267620091
0.174383607,0.306217249
0.177036016,0.336526678
0.177894886,0.359848265
0.177383984,0.364339384
0.177036016,0.336526678
0.174615696,0.326062511
0.173771484,0.266867637
0.173306724,0.289133756
0.173783288,0.278060788
0.177883836,0.350941142
0.176915468,0.34786887
0.173771484,0.266867637
0.181608721,0.282921792
0.182965217,0.241353813
0.182084795,0.254922728
0.187005445,0.328314566
0.183931895,0.246562192
0.182063505,0.304160902
0.18397339,0.236801484
0.179186838,0.285637078
0.180823573,0.416106142
0.179186838,0.285637078
0.179527614,0.249321724
0.181352808,0.218190822
0.181479121,0.324824338
0.174429555,0.340404703
0.175703573,0.362091084
0.175230753,0.363148664
0.175214989,0.351642865
0.175703573,0.362091084
0.172315354,0.307041952
0.174324212,0.336047934
0.179462922,0.369193687
0.17277234,0.34452468
0.175010194,0.345579886
0.171968368,0.29358145
0.169342272,0.242477534
0.170986758,0.274702591
0.169466952,0.190217489
0.170295411,0.248051929
0.167493094,0.155325696
0.166032865,0.18423121
0.168566279,0.271423436
0.168447648,0.225189463
0.178077523,0.35911363
0.175746461,0.311764064
0.178936541,0.364236107
0.173764189,0.341161427
0.177575674,0.364367386
0.181749555,0.375907683
0.172848836,0.331164909
0.174192557,0.326873516
0.171162249,0.317013813
0.172848836,0.331164909
0.166174977,0.169579795
0.166669555,0.147217591
0.166690183,0.166691199
0.168069132,0.24566516
0.168431815,0.2181971
0.16913726,0.27180153
0.165177557,0.126388573
0.166422306,0.120120708
0.168716119,0.173730514
0.167333196,0.240749555
0.166828185,0.200929224
0.170508196,0.090517386
0.167011244,0.107960228
0.179929521,0.346437226
0.182731507,0.378173436
0.183143505,0.378861564
0.184552603,0.369765011
0.178510422,0.355176758
0.183621313,0.350600925
0.183166358,0.347234989
0.187378048,0.382233836
0.184004441,0.348082614
0.183633824,0.359312043
0.1694971,0.23639016
0.169797831,0.202665616
0.169449989,0.283653311
0.17028258,0.197556895
0.17193629,0.22164855
0.173261929,0.208162751
0.170375925,0.223624087
0.169860388,0.285212511
0.175896119,0.341689269
0.174927763,0.340554224
0.173470502,0.333714167
0.173495742,0.337193938
0.175330126,0.340351644
0.173851735,0.341782991
0.174759326,0.341898824
0.171936461,0.285626952
0.175330183,0.347129954
0.168903265,0.329075525
0.167301005,0.253822957
0.170948881,0.289648196
0.173669498,0.315834418
0.17041992,0.210838322
0.168368893,0.172081541
0.166197785,0.226186655
0.16552395,0.267753836
0.166111861,0.260538756
0.18143395,0.314552854
0.180861495,0.299797865
0.180827203,0.30589129
0.18143395,0.314552854
0.181328573,0.317296027
0.180017534,0.312023516
0.180770445,0.306426735
0.180915342,0.322380685
0.178322683,0.275543174
0.182214829,0.329409498
0.177984783,0.274752854
0.179399132,0.268967797
0.176248265,0.272411438
0.175574441,0.284903356
0.177361689,0.322528459
0.176889189,0.258016404
0.170018881,0.289982443
0.170018881,0.289982443
0.169651564,0.287438242
0.170055811,0.317352683
0.170018881,0.289982443
0.170047922,0.282386416
0.17055468,0.29812968
0.168937614,0.326890605
0.174355582,0.33744766
0.168091975,0.236402477
0.168091975,0.236402477
0.168091975,0.236402477
0.168091975,0.236402477
0.167135993,0.241387352
0.167514509,0.234360342
0.167353345,0.251488482
0.169818904,0.319655342
0.169851473,0.362323025
0.170520091,0.351630331
0.169851473,0.362323025
0.170423196,0.349217089
0.169851473,0.362323025
0.16965516,0.350099372
0.169251804,0.366544658
0.166324566,0.269906792
0.180181689,0.338456313
0.180502249,0.348518231
0.181065194,0.348194406
0.180727021,0.348628116
0.181150011,0.34834976
0.179856107,0.352327226
0.181155068,0.347813265
0.179700126,0.293329269
0.182614281,0.345504121
0.167220582,0.170654806
0.167198025,0.220667808
0.165755194,0.18638742
0.165715205,0.250344909
0.165652648,0.29638532
0.165463311,0.227493002
0.17008387,0.178524737
0.169097934,0.173641906
0.16870589,0.204134338
0.169723653,0.1942275
0.1687296,0.286115365
0.168827158,0.324568516
0.168827158,0.324568516
0.1687296,0.286115365
0.16925492,0.336011404
0.169003402,0.33219597
0.168803196,0.226704224
0.169914726,0.320504315
0.169359315,0.356703767
0.164971747,0.277643505
0.170183619,0.328893995
0.170099406,0.312062295
0.170473265,0.306401872
0.169859737,0.300394772
0.170187614,0.276538562
0.170079475,0.252462352
0.170012363,0.257517694
0.170738162,0.228355811
0.169239498,0.19490605
0.17100266,0.298116861
0.16897,0.253461747
0.170431495,0.239069132
0.170134532,0.310071404
0.170618973,0.253995947
0.169063916,0.261044452
0.166091575,0.296565354
0.168072215,0.253915479
0.172119132,0.23543637
0.171158642,0.242590982
0.171314646,0.210378916
0.174901747,0.309454429
0.175738539,0.31207855
0.176674463,0.344746153
0.177440674,0.341368642
0.171004703,0.23222976
0.177873094,0.297414703
0.170239372,0.206874064
0.179596541,0.354544475
0.178629817,0.36661661
0.173433664,0.249567785
0.166738779,0.182524566
0.168781735,0.259761062
0.167333276,0.256262865
0.143365217,0.29919855
0.143365217,0.29919855
0.143365217,0.29919855
0.143365217,0.29919855
0.143365217,0.29919855
0.143365217,0.29919855
0.143365217,0.29919855
0.145656758,0.308357352
0.143503938,0.301725993
0.141815651,0.242743048
0.148162386,0.412626484
0.144997614,0.288607466
0.143252511,0.239368973
0.141489669,0.224567717
0.145656758,0.308357352
0.143503938,0.301725993
0.147499452,0.18507032
0.147499452,0.18507032
0.147499452,0.18507032
0.147499452,0.18507032
0.148006655,0.178908276
0.149699623,0.196130947
0.147499452,0.18507032
0.145953493,0.184306256
0.151528858,0.195729909
0.143386655,0.181555103
0.140639498,0.167569235
0.146947831,0.22778282
0.147109578,0.221002078
0.147704269,0.251100719
0.147704269,0.251100719
0.145853276,0.227745217
0.147109578,0.221002078
0.14634387,0.177614989
0.160074361,0.17388774
0.160074361,0.17388774
0.161577626,0.166800822
0.160074361,0.17388774
0.160074361,0.17388774
0.162460571,0.185898368
0.162040685,0.172982534
0.159283596,0.180673311
0.160138231,0.183136233
0.161654874,0.17368847
0.147734304,0.21461847
0.146367089,0.199133311
0.147229543,0.208059201
0.147734304,0.21461847
0.146183847,0.192195514
0.143929395,0.178148265
0.144323231,0.252214852
0.146227534,0.276641256
0.144376632,0.225525662
0.143041701,0.222237546
0.140844829,0.215143607
0.145470936,0.226555559
0.147432763,0.219551062
0.141489669,0.224567717
0.141980913,0.252550091
0.14717774,0.241579817
0.147669463,0.227771256
0.14717774,0.241579817
0.153294635,0.317987603
0.148495947,0.394994064
0.149476735,0.210444372
0.147919532,0.264819144
0.151108105,0.211864372
0.16367726,0.247554315
0.162947728,0.19032274
0.165540205,0.191404966
0.162048573,0.178356062
0.161142295,0.22331879
0.161142295,0.22331879
0.158252717,0.200106416
0.160570434,0.2022479
0.160135925,0.206615982
0.160153014,0.242986301
0.160018824,0.19897847
0.158328368,0.21488847
0.154870068,0.207593345
0.157936906,0.232911005
0.154697785,0.211772842
0.15743839,0.258583356
0.161237009,0.254880297
0.158493619,0.229543413
0.156789224,0.210956587
0.158910776,0.247432694
0.155469178,0.20572782
0.15345839,0.223043973
0.149342374,0.200867454
0.151811427,0.202995342
0.151463607,0.202166427
0.155172648,0.20480653
0.152022123,0.202962249
0.153140639,0.210791553
0.148967158,0.202899749
0.149342374,0.200867454
0.147264384,0.194833482
0.147386975,0.202469178
0.148967158,0.202899749
0.147509018,0.192189224
0.150977135,0.208695114
0.14892282,0.209447728
0.150977135,0.208695114
0.153336176,0.213328311
0.147379612,0.209210023
0.149331005,0.209251313
0.161940582,0.185862066
0.160278253,0.184729772
0.160991621,0.185291404
0.16157839,0.201449886
0.162582192,0.211240788
0.12945274,0.12902097
0.12945274,0.12902097
0.12945274,0.12902097
0.12945274,0.12902097
0.128675548,0.093426667
0.12945274,0.12902097
0.130624429,0.157431689
0.130874053,0.103858014
0.129077854,0.05142613
0.132476678,0.030851553
0.130188744,0.058358642
0.130304486,0.053076781
0.129303721,0.054670845
0.12691113,0.0920546
0.133294897,0.235859658
0.138582329,0.449430674
0.133294897,0.235859658
0.132836199,0.291418219
0.126039886,0.089055993
0.132390308,0.296174886
0.128076073,0.154999555
0.129610879,0.120371324
0.138653459,0.25957839
0.13043766,0.042756667
0.133624612,0.118877317
0.13043766,0.042756667
0.135991484,0.318328505
0.130075126,0.065417637
0.132475982,0.080582705
0.134015993,0.171907511
0.123805228,0.028315457
0.124774612,0.029821358
0.132475982,0.080582705
0.131905434,0.136775559
0.134015993,0.171907511
0.140771324,0.20664032
0.140771324,0.20664032
0.141520114,0.220744418
0.140255377,0.28097476
0.134847489,0.186307991
0.143208265,0.235214498
0.134847489,0.186307991
0.137270616,0.117063105
0.138030068,0.167951758
0.130874053,0.103858014
0.142374349,0.123260868
0.132295251,0.042210091
0.129378779,0.124916164
0.128340868,0.115567192
0.129610879,0.120371324
0.126177511,0.081878071
0.127355228,0.084255434
0.126519121,0.072165514
0.127069783,0.044630719
0.127632295,0.054229737
0.126421142,0.041448219
0.127923048,0.077510719
0.126370388,0.048541473
0.127809932,0.051338596
0.12711145,0.063983847
0.126729132,0.06871984
0.126525571,0.05281121
0.129899509,0.087026427
0.128732945,0.062441142
0.13113903,0.090694326
0.132391963,0.084926747
0.12773597,0.046689281
0.130113756,0.053419429
0.140947055,0.442123311
0.142768584,0.544982089
0.147713676,0.536401598
0.150641107,0.53701984
0.130154966,0.227999783
0.128905468,0.080826416
0.131326119,0.327095925
0.128982432,0.175768596
0.126106918,0.071782626
0.126895731,0.034167797
0.131326119,0.327095925
0.128220068,0.095821438
0.13278234,0.295278333
0.125425514,0.030913539
0.127167169,0.032822078
0.126798505,0.05132782
0.127439852,0.021326484
0.125244943,0.022968801
0.124620194,0.017567694
0.128273676,0.025519612
0.126153573,0.020198356
0.128328242,0.031528562
0.150155468,0.174798402
0.150155468,0.174798402
0.148769315,0.153020936
0.148496587,0.17002847
0.151334315,0.177740662
0.150123402,0.186619155
0.148769315,0.153020936
0.14518371,0.158149372
0.147943779,0.187388231
0.142189349,0.16814
0.142189349,0.16814
0.143238984,0.167091005
0.143238984,0.167091005
0.142189349,0.16814
0.140376689,0.139461884
0.140376689,0.139461884
0.144330753,0.170917808
0.154375685,0.182097808
0.153945674,0.176981701
0.152778927,0.182700011
0.154375685,0.182097808
0.154118447,0.172576096
0.157586473,0.181522511
0.155669361,0.173850833
0.152721084,0.175246176
0.152054852,0.172287717
0.152054852,0.172287717
0.152929098,0.16805274
0.152929098,0.16805274
0.15327242,0.165440799
0.15145871,0.156289384
0.146489053,0.182941918
0.146489053,0.182941918
0.143788253,0.179356084
0.144398242,0.1790246
0.147859395,0.180042317
0.147387203,0.180564292
0.159155765,0.174389932
0.159300582,0.176789406
0.158177534,0.173605959
0.15832403,0.174456313
0.141358973,0.152103858
0.140994167,0.141228927
0.139013425,0.115820308
0.141375171,0.192253539
0.140352374,0.172090046
0.141285616,0.221689041
0.142236895,0.192805537
0.141775685,0.225728059
0.140458447,0.072650468
0.140059943,0.22069371
0.140507215,0.25205976
0.144082831,0.052669053
0.144070879,0.149516381
0.142210422,0.085135982
0.132663242,0.042784155
0.134761849,0.04590113
0.132930548,0.04005742
0.132115263,0.042361587
0.133153048,0.051387774
0.133746267,0.046896153
0.134877842,0.068323025
0.14969016,0.17787524
0.14969016,0.17787524
0.151180068,0.190876313
0.149619646,0.18224621
0.151716416,0.191848904
0.153019658,0.188445068
0.15394008,0.201407945
0.153746336,0.197311005
0.153991918,0.171251587
0.155227763,0.17163097
0.155311906,0.174900742
0.155230936,0.181739292
0.156507477,0.176027877
0.153991918,0.171251587
0.153719509,0.163089886
0.156304064,0.181215103
0.158017911,0.173339475
0.161565422,0.184687637
0.160456507,0.179729932
0.158022774,0.175262534
0.161204372,0.185026975
0.148101518,0.105517957
0.147926758,0.084759178
0.148825616,0.073290502
0.151469018,0.142591484
0.144349144,0.082561347
0.148001096,0.063279224
0.144522694,0.046136815
0.158566587,0.182977728
0.157559475,0.175184658
0.156321164,0.17048621
0.156644509,0.171406975
0.139074966,0.10748524
0.139328436,0.141612534
0.137568162,0.060749555
0.135739566,0.06143016
0.13868613,0.136035046
0.138568584,0.130554441
0.134636929,0.06113742
0.13306976,0.055967957
0.133100422,0.045279829
0.133018128,0.045789715
0.138568584,0.130554441
0.125481895,0.055934189
0.125481895,0.055934189
0.125481895,0.055934189
0.129086096,0.25117758
0.124534612,0.033534007
0.129086096,0.25117758
0.122928059,0.017897705
0.12864532,0.142791301
0.127446473,0.056821473
0.123428082,0.014353174
0.126696747,0.035622032
0.137985936,0.768674269
0.129050263,0.172138174
0.144079829,0.196900285
0.144079829,0.196900285
0.147876861,0.452341107
0.138546792,0.058254737
0.138546792,0.058254737
0.141704007,0.195621495
0.132360274,0.169004304
0.132360274,0.169004304
0.132360274,0.169004304
0.14137734,0.667659954
0.131059315,0.059768973
0.12496911,0.022411644
0.12496911,0.022411644
0.124756826,0.023433916
0.123713573,0.026809737
0.125880126,0.056094087
0.126068584,0.040268767
0.124853322,0.019095103
0.125097352,0.019199475
0.125029703,0.018366701
0.124463858,0.028438014
0.124907249,0.055069041
0.124130217,0.018782306
0.138044075,0.157774201
0.138044075,0.157774201
0.135983596,0.152148527
0.135983596,0.152148527
0.141590023,0.397008676
0.134934509,0.037940753
0.128732443,0.034556164
0.126817169,0.036030411
0.147876861,0.452341107
0.147723299,0.611462888
0.144840936,0.426045765
0.138044075,0.157774201
0.136206952,0.023415445
0.139526541,0.046014053
0.144893858,0.053177146
0.144775388,0.170335217
0.151317066,0.112831267
0.136396632,0.035325993
0.154724304,0.425307728
0.131629406,0.019021233
0.137315822,0.032496404
0.131246838,0.023778642
0.139526541,0.046014053
0.125134863,0.015415411
0.126744189,0.017724144
0.125783573,0.016399715
0.129722683,0.03129532
0.127814452,0.031147797
0.128006176,0.021718847
0.127686861,0.035667386
0.125755868,0.01523653
0.12836153,0.020179007
0.127852089,0.020368196
0.127416393,0.02517887
0.129929087,0.031248482
0.126324749,0.095315251
0.12912766,0.062240285
0.127916427,0.085096199
0.12553484,0.044135514
0.126058094,0.019986473
0.12534161,0.016662432
0.132092374,0.2408925
0.124479486,0.017731313
0.126349852,0.028717751
0.126776826,0.027400457
0.125377717,0.026924715
0.125754635,0.033388653
0.126209863,0.024801918
0.130849954,0.109585251
0.139116176,0.206991678
0.136573379,0.148466758
0.139116176,0.206991678
0.139116176,0.206991678
0.139116176,0.206991678
0.135401256,0.181617603
0.135346838,0.207495217
0.134846153,0.100496256
0.134338767,0.211313447
0.134479612,0.105677694
0.134479612,0.105677694
0.135360982,0.104836929
0.133571655,0.102212021
0.126743436,0.046576404
0.127167614,0.052614566
0.126671438,0.027800559
0.127481358,0.056525171
0.126827511,0.035616975
0.140767066,0.112448584
0.140767066,0.112448584
0.139893984,0.077533733
0.133534429,0.027188916
0.130924829,0.0292825
0.139254806,0.093008893
0.137280594,0.062015651
0.145404212,0.230869806
0.14173903,0.194662751
0.140941027,0.201440936
0.137280594,0.062015651
0.139254806,0.093008893
0.142375514,0.106245046
0.128375354,0.119299395
0.127070011,0.078916416
0.128944167,0.105129018
0.128944167,0.105129018
0.128616416,0.067774189
0.129618858,0.136210594
0.129755514,0.154991849
0.130062728,0.140849578
0.127758311,0.132978082
0.127829737,0.06951629
0.128967043,0.123360103
0.127008379,0.069919281
0.127628562,0.117664463
0.129344075,0.130505205
0.129004783,0.155256929
0.12982137,0.120341301
0.128312489,0.100877477
0.128056267,0.069520879
0.130067249,0.096656621
0.126575788,0.109586518
0.129254281,0.117228196
0.127562591,0.088082626
0.127300765,0.103375537
0.129645023,0.1397646
0.130315537,0.117616781
0.128975479,0.11002476
0.130249087,0.130753116
0.129883174,0.134801005
0.131308162,0.117172043
0.12998032,0.105668813
0.131028356,0.145133116
0.126645947,0.048275046
0.130548973,0.144870491
0.128262717,0.053598573
0.127328071,0.024672911
0.125055879,0.025950183
0.126836815,0.032544121
0.133215137,0.061985548
0.128345331,0.040445525
0.128476769,0.044089075
0.129875148,0.02739508
0.133001267,0.032382009
0.129452979,0.028807957
0.132161267,0.118270228
0.132363779,0.132916701
0.132340685,0.129732112
0.130076747,0.148883938
0.130734566,0.167047466
0.125924018,0.078083288
0.125130514,0.032687397
0.125189463,0.073677409
0.129878779,0.097129635
0.129526838,0.095874041
0.127865765,0.08200282
0.128723162,0.121731701
0.127325434,0.054724669
0.126608196,0.08607411
0.130949395,0.0613721
0.130445753,0.031273025
0.130949395,0.0613721
0.131853139,0.068283014
0.129777934,0.019680628
0.13080895,0.058633642
0.129961689,0.059903642
0.137727123,0.197768961
0.14020468,0.171286461
0.133168733,0.122223607
0.133004943,0.085139292
0.132518082,0.076298562
0.169173607,0.216269384
0.169119418,0.1793375
0.169173607,0.216269384
0.169173607,0.216269384
0.16934661,0.162081986
0.169190925,0.213439886
0.169176336,0.167847272
0.170025422,0.207917089
0.168588995,0.137231153
0.168676553,0.171800651
0.168156735,0.215335731
0.171619132,0.220441678
0.17006911,0.352416689
0.17006911,0.352416689
0.170285217,0.270671918
0.171543984,0.336274874
0.171543984,0.336274874
0.169269817,0.281485011
0.169849498,0.233768527
0.167508984,0.238160753
0.168695959,0.225571758
0.169267705,0.212155297
0.168685537,0.203732409
0.168474509,0.185914361
0.168685537,0.203732409
0.168524897,0.197296096
0.168945856,0.164496027
0.168753893,0.187659189
0.170801119,0.204926027
0.168507774,0.197531096
0.16286089,0.16299403
0.162279532,0.169077751
0.16286089,0.16299403
0.161876975,0.167532694
0.164539064,0.165937021
0.164012877,0.177198756
0.171471187,0.267554452
0.175110982,0.325033642
0.174662785,0.307585594
0.173717169,0.274429954
0.170452352,0.245930354
0.167005548,0.321006119
0.167005548,0.321006119
0.168896221,0.28171621
0.16791742,0.370598071
0.171553927,0.450140947
0.168878744,0.302361575
0.16794371,0.230994007
0.172121769,0.326110491
0.168537877,0.398946084
0.169067329,0.261943105
0.166903128,0.268371952
0.169878607,0.249260137
0.167921039,0.244390731
0.169569521,0.295369189
0.167322877,0.238783927
0.168129212,0.244853984
0.168386644,0.20771137
0.167598071,0.238087842
0.168370411,0.202348299
0.168297283,0.232715205
0.169247066,0.234909589
0.16761911,0.239185788
0.167290776,0.230007991
0.168313858,0.249906564
0.163792557,0.190101221
0.165013607,0.186680103
0.162590719,0.177463311
0.163089566,0.185140194
0.163550114,0.189859212
0.164809007,0.195635183
0.165863733,0.189994966
0.167132055,0.16816895
0.16543726,0.209028425
0.165482694,0.194170731
0.164904532,0.187998938
0.168649121,0.123488927
0.168649121,0.123488927
0.166342888,0.17204847
0.16695855,0.212166084
0.167742523,0.124254874
0.167271267,0.181767637
0.170645126,0.335003516
0.168484932,0.306555571
0.170270788,0.426468721
0.169255959,0.252291301
0.16774863,0.183985856
0.166191895,0.210225879
0.167594989,0.203434874
0.166722888,0.210858619
0.165336598,0.146751301
0.164125068,0.165395171
0.165240925,0.16631339
0.166048402,0.160282603
0.163461975,0.173466906
0.167690114,0.178451461
0.163165833,0.164373311
0.165680582,0.12304613
0.166808345,0.132831804
0.166071678,0.182987215
0.167511895,0.136618048
0.165331644,0.174489372
0.173184258,0.231448973
0.173226221,0.229811096
0.174338653,0.221286826
0.173366644,0.233213687
0.171939509,0.231302043
0.169499167,0.240539189
0.172209772,0.241165742
0.172043447,0.251523927
0.172712911,0.252950947
0.173652272,0.229756587
0.171154075,0.245986838
0.168832066,0.238418858
0.168978938,0.244428139
0.167564075,0.226359532
0.167375011,0.227233333
0.167977831,0.235861119
0.168497374,0.228671153
0.170092237,0.247964954
0.169865616,0.236535628
0.17131218,0.229691644
0.172949795,0.259959498
0.171264235,0.210874247
0.172478116,0.21739129
0.173984863,0.278185114
0.169936769,0.218709623
0.169456575,0.176090662
0.163383505,0.208732774
0.162431244,0.205189943
0.161627454,0.201965491
0.162253653,0.194517386
0.163072637,0.197203653
0.164040217,0.202147158
0.164578824,0.205064372
0.164127922,0.213379212
0.162827203,0.216895479
0.159595057,0.13329113
0.159595057,0.13329113
0.159643516,0.18020379
0.159643516,0.18020379
0.159955959,0.107215046
0.160031564,0.131567363
0.160534498,0.214217763
0.160117215,0.090105571
0.159955959,0.107215046
0.158807009,0.136495776
0.158998322,0.170965457
0.159640628,0.087381712
0.161108447,0.217945582
0.161257237,0.218994989
0.161108447,0.217945582
0.161257237,0.218994989
0.161257237,0.218994989
0.160558276,0.205132454
0.160532135,0.208191872
0.160327751,0.21027492
0.162233002,0.215105411
0.159393961,0.085052386
0.159393961,0.085052386
0.159393961,0.085052386
0.159071233,0.102897021
0.160388505,0.064201005
0.158669932,0.094512934
0.159393961,0.085052386
0.158879852,0.13059863
0.156949361,0.032974463
0.156393311,0.038351632
0.156278721,0.06844411
0.157654304,0.107785091
0.158523208,0.05088911
0.158669932,0.094512934
0.159746084,0.075668116
0.15530645,0.155443139
0.15530645,0.155443139
0.156035902,0.111449475
0.15530645,0.155443139
0.156035902,0.111449475
0.155154715,0.169315183
0.155422215,0.07953605
0.156253744,0.135659189
0.154909258,0.142352614
0.157650959,0.100296073
0.164473356,0.211295902
0.165234178,0.141560422
0.165234178,0.141560422
0.164392226,0.160923082
0.165234178,0.141560422
0.164473356,0.211295902
0.163128265,0.222439795
0.164994669,0.216708322
0.168033516,0.06325855
0.164998082,0.100507888
0.164392226,0.160923082
0.163425091,0.199860411
0.163658642,0.220477352
0.163425091,0.199860411
0.161579053,0.189051541
0.161001804,0.119274749
0.163083858,0.077709224
0.161579053,0.189051541
0.161001804,0.119274749
0.161001804,0.119274749
0.161067409,0.214468984
0.162148916,0.219624429
0.161796963,0.224749715
0.162583037,0.154117237
0.163083858,0.077709224
0.162560753,0.219474806
0.161307432,0.068848402
0.161307432,0.068848402
0.161307432,0.068848402
0.161307432,0.068848402
0.161307432,0.068848402
0.161594623,0.067223813
0.160031564,0.131567363
0.160450377,0.087907409
0.161594623,0.067223813
0.160606187,0.066575
0.164608311,0.224547671
0.165997237,0.224643596
0.165997237,0.224643596
0.164986918,0.21854484
0.1663621,0.221840126
0.163724326,0.217654566
0.156923984,0.177775263
0.156923984,0.177775263
0.158050959,0.193298676
0.155640479,0.16356355
0.15788524,0.144700434
0.157951553,0.175013664
0.15583524,0.173127146
0.15638895,0.182766495
0.156197603,0.18097387
0.155499121,0.166533265
0.15638895,0.182766495
0.162784361,0.111178276
0.162784361,0.111178276
0.160317957,0.136023447
0.155158253,0.044909783
0.158879852,0.13059863
0.161332386,0.032434612
0.153152979,0.174885331
0.152215365,0.148762991
0.154228904,0.048812432
0.154621575,0.180688927
0.151259772,0.024380788
0.151071701,0.121289852
0.149471142,0.035196678
0.147159121,0.066591495
0.153896062,0.179228436
0.152279463,0.177671358
0.151381689,0.180252055
0.152951016,0.132368596
0.149178071,0.13662363
0.160854795,0.197589235
0.160101016,0.193075868
0.161311747,0.207821587
0.160476815,0.204581564
0.160660091,0.200592055
0.158985171,0.192143699
0.16047395,0.188576998
0.160542409,0.186358801
0.159546541,0.180672831
0.151424201,0.171286381
0.152053619,0.158501689
0.15099113,0.185897808
0.150733584,0.188574281
0.15045992,0.191859612
0.149462808,0.141691644
0.151454178,0.154523779
0.151384053,0.19167887
0.152924692,0.186097626
0.153272192,0.18908371
0.156632979,0.184134201
0.157851016,0.189569281
0.158465103,0.192525662
0.157341096,0.187675571
0.156351804,0.18285411
0.156015308,0.182332842
0.15814266,0.188557626
0.15859911,0.193863311
0.158985171,0.192143699
0.155975708,0.18388589
0.15468274,0.140811906
0.155223185,0.167263356
0.155519874,0.178719155
0.155268311,0.180625502
0.153405354,0.185579406
0.153551301,0.165938174
0.15350113,0.14386105
0.154062991,0.182001861
0.155223185,0.167263356
0.154126712,0.184129829
0.160388505,0.064201005
0.146288345,0.175427089
0.14361218,0.173992637
0.14361218,0.173992637
0.14361218,0.173992637
0.14361218,0.173992637
0.146270171,0.159358482
0.14379621,0.152128516
0.146254772,0.179784372
0.141211906,0.166254703
0.143763539,0.17359363
0.141152146,0.156653002
0.148339155,0.17381242
0.146229372,0.133164589
0.140993379,0.097685068
0.140768756,0.086026495
0.140993379,0.097685068
0.140993379,0.097685068
0.137464349,0.060029966
0.138701929,0.073495171
0.143490126,0.028417934
0.142741986,0.048284463
0.142741986,0.048284463
0.142675879,0.0252954
0.140622934,0.017968505
0.138640103,0.005747432
0.143470103,0.01453
0.144771667,0.053568619
0.135464578,0.01058218
0.138498116,0.044854475
0.135464578,0.01058218
0.136714726,0.054319954
0.138889612,0.015121324
0.142395228,0.048462842
0.138410377,0.001901986
0.13472105,0.001166575
0.131757237,0.003968082
0.131165674,0.00685637
0.134072568,0.031588596
0.141640194,0.114197637
0.140228516,0.137429441
0.146341667,0.128602089
0.146341667,0.128602089
0.149508425,0.164175171
0.145097854,0.061986084
0.14506734,0.046419258
0.144173973,0.021186005
0.146620137,0.096651039
0.150796495,0.160194235
0.147769669,0.173672043
0.140996826,0.135594098
0.143563527,0.128833071
0.140993379,0.097685068
0.144562317,0.187558174
0.144925628,0.222356826
0.144107283,0.198959132
0.1468129,0.185682831
0.146125205,0.175460537
0.148418653,0.187020148
0.149737842,0.183336849
0.150627352,0.188246906
0.147929646,0.196552066
0.147211267,0.201673231
0.148614726,0.186973368
0.143770502,0.180998105
0.141296701,0.205383242
0.141834212,0.212892854
0.140034304,0.214665023
0.138390799,0.202972511
0.140178584,0.206971393
0.138750559,0.220081267
0.138370582,0.177251884
0.138356906,0.181203402
0.143335936,0.10542774
0.145953482,0.099383493
0.149481918,0.177423014
0.146156564,0.048917991
0.143134692,0.030692911
0.143060959,0.07709121
0.140805183,0.064537717
0.140344384,0.129891769
0.149038721,0.129654304
0.139451621,0.082924224
0.136504932,0.056814429
0.138308368,0.137424372
0.133587728,0.070055365
0.13419,0.072931336
0.134601998,0.042427842
0.135905845,0.099019521
0.151070525,0.16833734
0.152010662,0.149537329
0.151672443,0.188877854
0.122809817,0.006363961
0.12530113,0.067990982
0.127017717,0.010897728
0.131692477,0.009105251
0.121294692,0.010633847
0.117947329,0.018185925
0.118931564,0.017762614
0.12643508,0.008089852
0.141275479,0.182467568
0.141406861,0.196197557
0.144720342,0.177312295
0.142826872,0.002592226
0.130868231,0.170821062
0.130155594,0.183347523
0.130698185,0.199313196
0.130868231,0.170821062
0.130155594,0.183347523
0.130698185,0.199313196
0.130597043,0.125754646
0.12928016,0.046964212
0.130517911,0.160344406
0.129831667,0.131813562
0.129017317,0.137638082
0.129831667,0.131813562
0.129430605,0.180899966
0.128354395,0.127457785
0.127366427,0.078384441
0.125113231,0.035843356
0.124524372,0.027841655
0.128382968,0.085986701
0.130155662,0.210046689
0.130155594,0.183347523
0.129257192,0.151313927
0.129609966,0.159593482
0.12982734,0.213798447
0.128483037,0.147352226
0.127775651,0.13081379
0.128910525,0.152229863
0.128910525,0.152229863
0.128935685,0.141388984
0.129426632,0.148880491
0.127742591,0.152894258
0.128935685,0.141388984
0.128078516,0.136777534
0.129208105,0.109056279
0.126889566,0.140770354
0.125977511,0.064075502
0.129761119,0.08852718
0.129761119,0.08852718
0.129761119,0.08852718
0.129248379,0.065384018
0.129016347,0.065426632
0.127477374,0.056008265
0.123360959,0.022205514
0.120631541,0.041186358
0.12406508,0.033772089
0.122246667,0.052902705
0.124233299,0.036016986
0.13062008,0.097378607
0.134746027,0.1812675
0.13603363,0.193880103
0.137190365,0.214070091
0.134746027,0.1812675
0.137190365,0.214070091
0.132637979,0.208702557
0.131196884,0.052206279
0.132813368,0.191818379
0.135567066,0.141687032
0.133105685,0.167576598
0.133105685,0.167576598
0.13776839,0.218075776
0.131620571,0.142461244
0.137742409,0.205917705
0.13522145,0.168523539
0.130454966,0.123462135
0.131299623,0.035991347
0.137431347,0.222360639
0.126445993,0.069705445
0.127084304,0.042500833
0.131104395,0.053249749
0.124715228,0.018518311
0.132093687,0.164763071
0.131318858,0.187581518
0.136032523,0.203865639
0.12985726,0.104572888
0.128297831,0.088520011
0.134329909,0.193627568
0.124332363,0.065628162
0.124332363,0.065628162
0.12548839,0.087446849
0.126556895,0.034517397
0.125620674,0.092673402
0.124500548,0.082604954
0.126584384,0.072174772
0.126367945,0.034904201
0.125845365,0.053133345
0.126314041,0.110343927
0.125234737,0.029463539
0.125557945,0.103260217
0.128339989,0.091137203
0.128362568,0.084722922
0.125711438,0.052819612
0.12717339,0.090637192
0.123718116,0.082420491
0.121872329,0.077548756
0.125405913,0.060378927
0.126093436,0.059156518
0.126621233,0.094044338
0.124063995,0.06706879
0.122078242,0.088568642
0.123154806,0.05258024
0.125163824,0.146017489
0.124302523,0.09967847
0.124904041,0.027279167
0.119962945,0.136219932
0.121490365,0.125454646
0.119249726,0.115194041
0.120138881,0.114622237
0.119532021,0.210389646
0.119589623,0.140841564
0.121125685,0.079272922
0.130265639,0.106868208
0.12968605,0.152488014
0.126454852,0.034234589
0.128531632,0.064568995
0.130014737,0.082508938
0.12250129,0.09489911
0.123181655,0.131359532
0.120557831,0.117018151
0.121122226,0.047649783
0.120787409,0.027297306
0.123797523,0.105242694
0.123898813,0.05039516
0.120979989,0.022191313
0.134404623,0.179937717
0.13307758,0.166688653
0.134404623,0.179937717
0.13307758,0.166688653
0.13307758,0.166688653
0.134399406,0.142147728
0.137324509,0.163880479
0.131408938,0.15833629
0.141185959,0.17621226
0.131716712,0.102929121
0.135744658,0.098199726
0.128987934,0.037912717
0.127681404,0.030953619
0.129001952,0.040658185
0.130657374,0.072203436
0.127081838,0.042915445
0.131153721,0.104234486
0.128987934,0.037912717
0.13297274,0.068001027
0.126834623,0.033914817
0.128837991,0.091907215
0.149789349,0.220374646
0.150383801,0.215438836
0.150383801,0.215438836
0.143691005,0.208952043
0.144795559,0.151815833
0.149789349,0.220374646
0.145164304,0.169407557
0.144795559,0.151815833
0.145164304,0.169407557
0.151287066,0.300589441
0.145758744,0.257451689
0.148993516,0.370044852
0.152070674,0.188816301
0.152070674,0.188816301
0.156079589,0.433606701
0.152295011,0.231429018
0.152295011,0.231429018
0.152070674,0.188816301
0.158162317,0.379728402
0.132553116,0.161469247
0.132553116,0.161469247
0.137321621,0.173784098
0.131437489,0.150561575
0.132901176,0.143993699
0.13445903,0.17621597
0.137608984,0.162909098
0.137608984,0.162909098
0.142325651,0.250647603
0.135250331,0.155034977
0.132901176,0.143993699
0.133423014,0.126664486
0.138824155,0.208703984
0.138824155,0.208703984
0.14241468,0.268820422
0.138808676,0.251851792
0.143271941,0.2109696
0.147070559,0.293253721
0.136409201,0.182562774
0.145690799,0.237304338
0.144652785,0.191315548
0.144291176,0.105794167
0.14680379,0.116224829
0.139730708,0.082271313
0.138671986,0.165667922
0.136660057,0.085958904
0.131204475,0.087689623
0.130701975,0.069399966
0.131204475,0.087689623
0.129900297,0.077998984
0.128985274,0.069441381
0.131571164,0.055658756
0.131451438,0.054539441
0.130545719,0.093252043
0.13856145,0.119219349
0.144455628,0.180090616
0.137630502,0.094945776
0.142983904,0.075852774
0.134086438,0.082823493
0.133168048,0.03985347
0.132021701,0.052087648
0.133367055,0.02979637
0.135558573,0.042981495
0.134924989,0.067346952
0.130785377,0.088350023
0.130700947,0.075687226
0.132977283,0.09241984
0.150265731,0.291887968
0.14411129,0.075608082
0.141778596,0.081019817
0.148737797,0.158806279
0.135905034,0.116691564
0.138602363,0.096738813
0.132347877,0.099363288
0.132226119,0.093554566
0.130677523,0.139601735
0.134332511,0.118267523
0.146636838,0.247649201
0.137699315,0.154961689
0.147641712,0.147187854
0.13312903,0.100793813
0.130834646,0.147942991
0.129568904,0.068232774
0.130510822,0.109392751
0.129093813,0.052482078
0.126998082,0.047329361
0.127643847,0.041637626
0.129690548,0.04413605
0.127283128,0.070908208
0.14016379,0.118063139
0.146361998,0.215444384
0.146327979,0.066239087
0.140822705,0.056699897
0.151317066,0.112831267
0.145055011,0.092759703
0.136977785,0.049765491
0.137689874,0.051183048
0.154151119,0.333659852
0.144598196,0.079550525
0.131956187,0.063687854
0.131956187,0.063687854
0.131868459,0.092360628
0.133568322,0.057570947
0.133753059,0.04859847
0.129482409,0.126891655
0.129833253,0.209166667
0.130020251,0.142788037
0.129100126,0.122049521
0.130282968,0.155818824
0.130527546,0.191086575
0.128776655,0.110551655
0.128310696,0.117620068
0.125744498,0.170026998
0.127384053,0.096349715
0.128846244,0.18913258
0.130721929,0.196974543
0.12616968,0.199244212
0.12400258,0.193764852
0.125583961,0.223875514
0.12400258,0.193764852
0.125583961,0.223875514
0.120453505,0.171584874
0.124206461,0.170069737
0.118567911,0.140608984
0.119393265,0.051412877
0.118156347,0.088272237
0.120776963,0.106479087
0.120776963,0.106479087
0.120776963,0.106479087
0.120776963,0.106479087
0.12187629,0.07297266
0.120288037,0.061080799
0.122884509,0.052520788
0.120459954,0.129900719
0.121451404,0.058206621
0.120459954,0.129900719
0.121463539,0.116175525
0.122778607,0.065929372
0.119356495,0.021024144
0.121534087,0.053201199
0.123982477,0.036283801
0.121306084,0.051240525
0.123527534,0.070051952
0.131706495,0.073935548
0.131706495,0.073935548
0.133441826,0.066275217
0.131607317,0.096573059
0.131960171,0.100154178
0.124399989,0.05982266
0.135058288,0.076431256
0.153400879,0.29850532
0.153400879,0.29850532
0.149595674,0.277596187
0.146187797,0.226323219
0.142959612,0.277340422
0.139774977,0.108081324
0.134922215,0.097621461
0.143753995,0.226927774
0.136714121,0.246380868
0.131681393,0.209206336
0.132849555,0.216630742
0.132946256,0.185331244
0.130501393,0.100316826
0.131544053,0.112765148
0.129624235,0.136533299
0.131480491,0.075379384
0.131311667,0.072781929
0.134116769,0.129884098
0.133763584,0.136627089
0.135207363,0.115726564
0.135259623,0.162353562
0.135464749,0.178160011
0.133245205,0.115004429
0.135894989,0.128629555
0.125470183,0.034608402
0.126535571,0.056408002
0.125338128,0.107364053
0.128603516,0.160379201
0.123701986,0.044789954
0.125616986,0.092829064
0.125851164,0.06961879
0.124193881,0.065156279
0.132481587,0.046350457
0.129543299,0.039224075
0.126560925,0.174954578
0.124964886,0.110114692
0.128359498,0.045661792
0.128611701,0.051616701
0.129812352,0.089239212
0.12529089,0.093529897
0.121267009,0.078243516
0.118546872,0.084031301
0.121321792,0.073613539
0.117097169,0.105366142
0.121653573,0.075459772
0.123482329,0.112854018
0.120247055,0.090257934
0.118964737,0.035247614
0.118434498,0.091610731
0.123113607,0.129277169
0.123214429,0.144201667
0.124134053,0.122122979
0.127557865,0.230619909
0.125409886,0.167813824
0.128254053,0.125197386
0.129519703,0.086027454
0.126835114,0.059843356
0.126611712,0.184097842
0.130872192,0.104454715
0.130721952,0.108902934
0.133861975,0.104071758
0.127107728,0.09940274
0.128600868,0.146041872
0.126985639,0.186223128
0.130778413,0.137696084
0.151257785,0.346263139
0.148229863,0.225986427
0.151014041,0.249783539
0.152412568,0.386405982
0.153344429,0.113184532
0.162195559,0.191621826
0.159862329,0.059015868
0.159862329,0.059015868
0.176373174,0.506560137
0.145733904,0.142689304
0.149193938,0.043669395
0.146168687,0.261310183
0.15439226,0.311504543
0.147772877,0.193572808
0.165608973,0.224584612
0.142331084,0.173387295
0.135402934,0.108807009
0.147628779,0.194365171
0.149319235,0.194546541
0.148964384,0.094220308
0.157302363,0.179518139
0.162263539,0.055264304
0.152206336,0.201422032
0.153344429,0.113184532
0.140792614,0.049481747
0.125780753,0.013949772
0.119263836,0.020536804
0.116770571,0.045234361
0.116770571,0.045234361
0.116714966,0.035311084
0.117952237,0.059055548
0.117097603,0.056496553
0.116714966,0.035311084
0.117935993,0.044975559
0.112457386,0.038698105
0.119265297,0.077573676
0.118176142,0.033429795
0.114873459,0.036579532
0.115383333,0.009049886
0.119503801,0.020480662
0.113849521,0.03432379
0.118819737,0.06329024
0.117934349,0.056261347
0.116162968,0.030903116
0.117097603,0.056496553
0.118445674,0.065665502
0.121365068,0.098288801
0.119787443,0.082704338
0.127935,0.00736508
0.120692865,0.024343071
0.119917511,0.019626553
0.135769007,0.003104475
0.121886119,0.010784737
0.119586884,0.030047432
0.121549669,0.00988758
0.128003858,0.018459304
0.129828082,0.01073411
0.132859189,0.001726747
0.135477511,0.00416484
0.123915046,0.042802021
0.115976233,0.024815342
0.114264795,0.024812009
0.11443532,0.011822489
0.120865,0.0734254
0.119757306,0.05744032
0.119757306,0.05744032
0.120865,0.0734254
0.121972158,0.068972797
0.120842854,0.069335582
0.121972158,0.068972797
0.119757306,0.05744032
0.118203288,0.015828059
0.120865,0.0734254
0.119757306,0.05744032
0.123090537,0.080207705
0.125400719,0.001077477
0.119608938,0.022268607
0.12041742,0.040899749
0.117465731,0.0018575
0.12207016,0.003242409
0.125400719,0.001077477
0.124951324,0.001443904
0.121683779,0.082189372
0.119340137,0.058844338
0.119246416,0.052785525
0.120553744,0.081152066
0.119340137,0.058844338
0.119473276,0.052312523
0.116536267,0.063027329
0.16252008,0.015486918
0.161407021,0.008557991
0.16252008,0.015486918
0.153828721,0.011875114
0.156981644,0.006402945
0.114346016,0.035209954
0.114346016,0.035209954
0.116783231,0.048886667
0.116783231,0.048886667
0.112764269,0.033646963
0.112665,0.035568379
0.110848151,0.039587637
0.122806518,0.052956427
0.122806518,0.052956427
0.1236471,0.09168282
0.122875422,0.053291941
0.12207016,0.003242409
0.127034943,0.000335936
0.120934224,0.053030799
0.122115753,0.089175502
0.11942097,0.003464566
0.122967123,0.113251815
0.123834612,0.141885799
0.122285548,0.111027135
0.121825354,0.001288973
0.138100457,0.002660091
0.121789338,0.033594486
0.122509783,0.057131884
0.121976884,0.093464269
0.126809817,0.063890114
0.124778539,0.031798893
0.123015982,0.019485799
0.121731119,0.11264879
0.121782785,0.081164281
0.123088208,0.114169406
0.122144578,0.100220148
0.12359661,0.122317466
0.12331161,0.114884349
0.124182032,0.138150845
0.120553744,0.081152066
0.121265,0.099438916
0.120912671,0.054502785
0.122087614,0.078137728
0.118759509,0.069365251
0.113295662,0.029998664
0.110203288,0.002475731
0.113295662,0.029998664
0.121770377,0.000606267
0.114357888,0.032857671
0.118529087,0.061131678
0.115637922,0.008164132
0.108526005,0.005687021
0.115729829,0.000475788
0.111915845,0.001424909
0.112722237,0.003889954
0.123710365,0.119253824
0.121733333,0.10304363
0.122892055,0.111535308
0.123434121,0.121005297
0.121464007,0.102267295
0.121409737,0.100109989
0.121801621,0.116459966
0.124195342,0.131266781
0.122790331,0.120095479
0.11894024,0.054557249
0.120014235,0.055286438
0.120428071,0.066747055
0.115658196,0.001878436
0.118426678,0.019227237
0.116288231,0.043523801
0.116884075,0.057083288
0.116536267,0.063027329
0.111310148,0.019817089
0.114164338,0.049710354
0.112281632,0.029548151
0.108791895,0.017490263
0.109847454,0.018984566
0.110157237,0.005983014
0.111749395,0.014633973
0.109215856,0.006163767
0.118789886,0.033162922
0.118789886,0.033162922
0.119719737,0.073535674
0.119768801,0.081265856
0.118805605,0.014185148
0.119096256,0.019039852
0.122702055,0.049129132
0.121249909,0.03240008
0.125528037,0.016190445
0.123824235,0.022439783
0.11905597,0.019187192
0.120391564,0.055368596
0.126544578,0.028454566
0.119460274,0.00130242
0.119266427,0.003979235
0.127974829,0.00049032
0.136795947,0.000841804
0.160226096,4.09E-05
0.145092272,0.000169795
0.133578196,0.000146438
0.145422489,0.000780297
0.121942945,0.068996164
0.121658527,0.081460639
0.126105468,0.027178379
0.12530121,0.030883584
0.122983162,0.07471121
0.122261941,0.087648413
0.120998288,0.094782272
0.123045023,0.114450959
0.198043516,0.000807842
0.156973242,0.000271267
0.19061968,0.000918253
0.138828653,0.000144612
0.183446918,0.012736164
0.178185776,0.001174155
0.204103402,0.004539155
0.203952043,0.002508676
0.199610297,0.004739555
0.208317295,0.033114452
0.204659098,0.031444235
0.193489384,0.089991062
0.206278265,0.121965616
0.200238162,0.014516256
0.186024737,0.00026629
0.199991221,0.000542705
0.185409852,0.002216107
0.206610137,0.008636142
0.209091301,0.009914543
0.213200525,0.015734852
0.217952489,0.028078208
0.222037717,0.018827546
0.228642454,0.006720605
0.221137306,0.007934589
0.224140502,0.051876724
0.211284874,0.098080628
0.22164492,0.084741963
0.21436024,0.014745388
0.205836553,0.015735548
0.203512797,0.019048527
0.201921301,0.00183597
0.148932032,0.007594578
0.181850662,0.006858767
0.16149387,0.018761781
0.150180308,0.008431918
0.164039406,0.042774441
0.162038105,0.019924269
0.151391233,0.002885457
0.150924075,0.004742135
0.149183493,0.002718813
0.13953089,0.000677865
0.151119521,0.016321769
0.148975263,0.011909326
0.157200947,0.000353014
0.148614189,0.0093475
0.131685103,0.00052968
0.143351849,0.00227097
0.121029658,0.000207968
0.114670925,0.212700194
0.114670925,0.212700194
0.114670925,0.212700194
0.114907272,0.20770903
0.114907272,0.20770903
0.115149806,0.247624429
0.113704669,0.134975537
0.112813185,0.113406747
0.114605046,0.193253721
0.114572021,0.213468916
0.127184372,0.060982763
0.115078459,0.041038584
0.119628893,0.061111792
0.129480422,0.07456976
0.109513048,0.089210205
0.110034886,0.087079007
0.111183596,0.104725799
0.107680422,0.052568071
0.106637991,0.043998162
0.107733002,0.025249783
0.113536975,0.026291758
0.111342009,0.024206221
0.110372774,0.068492979
0.110308744,0.069937158
0.112315377,0.064237785
0.109521735,0.044011119
0.110990388,0.044009703
0.110462295,0.064930491
0.11416379,0.24258734
0.114444247,0.24736476
0.113562831,0.166165148
0.118745708,0.064259349
0.119350833,0.044527489
0.119453836,0.142072888
0.117092797,0.092988756
0.116666336,0.122320479
0.115423139,0.146346176
0.112364909,0.10785016
0.115313961,0.132353014
0.118340183,0.108128607
0.135530639,0.07748871
0.123404144,0.054375103
0.117695365,0.098000148
0.118225103,0.099218505
0.114631815,0.038530811
0.117463174,0.110829247
0.113690856,0.067859007
0.112436404,0.046808185
0.113582477,0.038667215
0.111135628,0.055849669
0.112094155,0.034336541
0.11618137,0.043350422
0.132593368,0.046757009
0.124817877,0.097248916
0.123410833,0.063785445
0.120791792,0.039097945
0.12152613,0.068170342
0.122727066,0.051330479
0.124099292,0.043391347
0.127124521,0.097292169
0.115112751,0.147839315
0.113897694,0.130674053
0.114940708,0.108316963
0.116689372,0.100306404
0.115602603,0.104680959
0.115952683,0.106989852
0.119490925,0.130938333
0.117984555,0.115772226
0.117207854,0.093187409
0.115422409,0.105387854
0.118252443,0.150753573
0.117260148,0.047650582
0.119323299,0.0347875
0.116683002,0.095101975
0.114456233,0.14883355
0.115482728,0.133634292
0.11467774,0.162852888
0.114425354,0.153968311
0.116008208,0.171956279
0.114350171,0.144577626
0.112933527,0.103080845
0.117734075,0.194485856
0.118805594,0.151657671
0.120218916,0.077883025
0.117072443,0.233195034
0.114239532,0.161795525
0.117319155,0.21644984
0.115550571,0.135597283
0.161299852,0.128823242
0.161299852,0.128823242
0.159377637,0.134544087
0.164101541,0.173856256
0.161874281,0.003096164
0.160139737,0.146159669
0.160718687,0.101818984
0.16359766,0.130026792
0.156662009,0.1418546
0.153863299,0.181833037
0.159565388,0.162376975
0.168101655,0.0445875
0.15989153,0.075459212
0.162640959,0.14097758
0.146791758,0.174158527
0.149960742,0.314077489
0.154506758,0.256828299
0.151148744,0.220563676
0.145944817,0.117270137
0.140459806,0.08011395
0.142047546,0.165605046
0.148604132,0.033002968
0.138212854,0.100852192
0.158646678,0.071595685
0.156438927,0.078122055
0.154977306,0.066264372
0.154545103,0.063565342
0.163982968,0.066326815
0.159467043,0.040214498
0.1582471,0.004287511
0.159051941,0.009522078
0.157758253,0.113438333
0.160839075,0.003144977
0.164454395,0.006671929
0.16617403,0.0166171
0.166033493,0.015982603
0.160038801,0.00446113
0.140861884,0.016400217
0.143754578,0.018594749
0.149346541,0.002813059
0.108125753,0.0048004
0.11555992,0.001249235
0.122091861,0.001660228
0.108019932,0.002180616
0.119663836,0.047510879
0.117661016,0.007138961
0.112404806,0.017550434
0.107853516,0.007538676
0.171498048,0.01521145
0.176595217,0.005516735
0.164944212,0.020274429
0.160245525,0.011464589
0.169188436,0.020745959
0.161832854,0.01663105
0.155830845,0.018672432
0.154488893,0.011661815
0.163388904,0.013603813
0.164811221,0.010679224
0.160907477,0.016325708
0.149930845,0.009798037
0.167341495,0.00799863
0.170004429,0.015954144
0.170278276,0.007866678
0.167848037,0.009689247
0.167966587,0.020404075
0.166879007,0.01563282
0.169819064,0.006356244
0.168982032,0.006846678
0.170233516,0.011363059
0.170650833,0.008943916
0.170929258,0.009395947
0.165411416,0.08048242
0.161297683,0.025221918
0.168624258,0.18172145
0.165990731,0.065752146
0.168790411,0.213741781
0.168964121,0.054376244
0.166128196,0.025644863
0.167288185,0.095454521
0.168030148,0.076319463
0.167650879,0.127881632
0.143023824,0.013701438
0.14870895,0.062250525
0.141980788,0.020507648
0.150867831,0.068440023
0.133932032,0.002748276
0.150975,0.074093459
0.157300068,0.043442215
0.150284463,0.11107508
0.144317808,0.001069441
0.156421393,0.009134304
0.138838767,0.000554737
0.151738185,0.007425856
0.130897374,0.000592614
0.144422854,0.068350616
0.142836941,0.16464718
0.131216632,0.027449886
0.125551438,0.016063094
0.135317432,0.02587016
0.146506016,0.117108151
0.134200388,0.123662283
0.127692888,0.057528162
0.157582683,0.008295434
0.165298128,0.023585788
0.15677597,0.011468413
0.166478379,0.013132842
0.164674475,0.023810856
0.167872888,0.103112215
0.168143801,0.025712226
0.167557043,0.071927557
0.166806176,0.046169795
0.166748094,0.050705491
0.162351963,0.016261804
0.165948128,0.003789612
0.169173619,0.01827847
0.175147557,0.016396324
0.168835365,0.007627854
0.165060594,0.009768265
0.166582203,0.010262751
0.160160103,0.002153756
0.158908836,0.001770023
0.161111678,0.00302895
0.162900365,0.001893219
0.155193299,0.000344121
0.170414692,0.000599201
0.171251347,0.001496438
0.191689155,0.011749669
0.193925753,0.002431416
0.170337215,0.000408231
0.228748584,0.007070982
0.23785839,0.011155913
0.236560822,0.012540457
0.234666096,0.006797637
0.251193368,0.027303139
0.237099658,0.037599486
0.233188699,0.009287089
0.243541427,0.011723573
0.234006016,0.044219406
0.240136073,0.048902386
0.236845776,0.053086027
0.249032648,0.025500868
0.251445331,0.10721516
0.241494361,0.039039224
0.256047694,0.199182842
0.247122169,0.102148151
0.238538779,0.15641653
0.235630285,0.043009863
0.244748288,0.088754486
0.225940936,0.032415331
0.271275696,0.157151621
0.183166187,0.025102945
0.241212523,0.009832785
0.253649646,0.048794235
0.25431855,0.038206963
0.219727751,0.052219132
0.223747089,0.011776176
0.223491427,0.020866073
0.223522648,0.043352089
0.224811313,0.01512282
0.247929817,0.004492363
0.234026667,0.0060121
0.241450228,0.001888459
0.229702591,0.003234989
0.21656,0.005752626
0.234796016,0.004781039
0.236497043,0.005316906
0.212177215,0.00227621
0.244337466,0.000651781
0.201918356,0.005495708
0.139002511,5.33E-05
0.17553226,7.84E-06
0.188669749,1.69E-05
0.210369658,0.001204612
0.229888071,0.00811008
0.230367055,0.011834795
0.227465788,0.024160639
0.238172626,0.009152146
0.231866838,0.031317523
0.229911632,0.012473664
0.242001838,0.060482203
0.237009384,0.008435696
0.228112089,0.001648413
0.188832797,0.003416804
0.121706039,0.000101712
0.236027009,0.076734258
0.235282477,0.115871587
0.251455114,0.067888219
0.250313071,0.015918893
0.243617158,0.043785811
0.246863105,0.228418596
0.244634943,0.174405091
0.24819863,0.001851952
0.241788094,0.193174783
0.251861164,0.022160605
0.24985468,0.192688847
0.249244041,0.297120982
0.252945114,0.01620992
0.252398288,0.00639653
0.262415228,0.035985171
0.256407991,0.057311073
0.252915308,0.179465993
0.248851153,0.153968801
0.256720479,0.173759235
0.155265411,0.028922648
0.155265411,0.028922648
0.155265411,0.028922648
0.155265411,0.028922648
0.155265411,0.028922648
0.155265411,0.028922648
0.161278687,0.1123146
0.157836929,0.053047306
0.153670571,0.021312089
0.157602785,0.097934749
0.152453973,0.009711678
0.153032534,0.061810776
0.150896701,0.005429041
0.165576153,0.089445765
0.168705445,0.113019155
0.165138927,0.099309555
0.169923733,0.115939292
0.151405822,0.025062922
0.152933995,0.015101621
0.152933995,0.015101621
0.156185388,0.030467272
0.1568096,0.049928664
0.157174224,0.06259218
0.153097557,0.016089498
0.15656903,0.030287557
0.158155023,0.054947774
0.16056508,0.07966121
0.146206781,0.044334977
0.152903664,0.00513758
0.155321747,0.033771667
0.153408858,0.019277614
0.158065457,0.100061667
0.161815548,0.103179521
0.158065457,0.100061667
0.157870925,0.075871918
0.158200205,0.081533516
0.161984132,0.087380788
0.163843573,0.085463756
0.166388105,0.14493782
0.162383082,0.080516815
0.153916884,0.025505217
0.154713995,0.032718231
0.162976461,0.10784871
0.157999669,0.041911301
0.159089635,0.027708927
0.161328311,0.03249589
0.163266689,0.070672352
0.166438288,0.099412146
0.168136495,0.148594418
0.165271404,0.111056336
0.168838801,0.12192371
0.165273893,0.092575251
0.166242386,0.062624167
0.160550947,0.03362
0.172986667,0.166531176
0.177022671,0.233745628
0.173519806,0.11623129
0.175286301,0.225151473
0.175400594,0.188092009
0.179474566,0.28052113
0.171917135,0.133374966
0.170023881,0.118723105
0.171318288,0.138210605
0.170830616,0.101682169
0.171602534,0.143844212
0.168339178,0.120437728
0.178564623,0.29122137
0.137148539,0.005722717
0.131526336,0.011783059
0.13669226,0.003860377
0.136514441,0.007299212
0.133097683,0.01125661
0.137336906,0.007997352
0.132119326,0.021093596
0.137268539,0.044756678
0.129465,0.032957877
0.141653368,0.012838288
0.143030308,0.012780365
0.186997489,0.324700126
0.182466575,0.301429658
0.184934384,0.255170811
0.184677683,0.301479235
0.187980354,0.29560339
0.176654429,0.168503082
0.179033425,0.237404167
0.18063339,0.2524825
0.175738607,0.117745194
0.176510194,0.207520046
0.179151701,0.286571598
0.185349224,0.290051301
0.137486667,0.020197842
0.135484966,0.014315696
0.133839315,0.012149361
0.143860719,0.029650856
0.133820799,0.014257066
0.135643562,0.005354189
0.137661039,0.003771039
0.138304646,0.003219589
0.142308116,0.015553196
0.142348288,0.030276747
0.152639418,0.053981096
0.157244852,0.048071153
0.149478733,0.057782534
0.147958276,0.053261279
0.146293733,0.032488002
0.142585913,0.016274247
0.148970822,0.03783911
0.191493299,0.04198839
0.191493299,0.04198839
0.192905514,0.075005034
0.191493299,0.04198839
0.193300582,0.038052842
0.192835011,0.061694087
0.193737797,0.132272454
0.190466895,0.108516986
0.20543734,0.054612934
0.20585984,0.188428425
0.204912363,0.059889361
0.192450263,0.108759977
0.191196313,0.126229075
0.191562774,0.10033887
0.180324315,0.181118482
0.200051221,0.177857797
0.154695799,0.128596256
0.150550331,0.044572295
0.156075103,0.057549566
0.156260422,0.111233847
0.163260571,0.078319281
0.170033253,0.052660776
0.159381872,0.068865023
0.198268995,0.071873584
0.202912489,0.277968242
0.202881142,0.086687842
0.197064703,0.015348573
0.20484282,0.051419167
0.21336226,0.004211872
0.207478151,0.01977984
0.205122089,0.083178196
0.203961587,0.117906336
0.205971815,0.048027797
0.164546507,0.110193984
0.16318524,0.084964772
0.161663402,0.099777842
0.161628185,0.095288584
0.159734726,0.153281518
0.164046655,0.20916774
0.162739315,0.060007432
0.207275491,0.016568961
0.206342112,0.28839742
0.2100371,0.376026861
0.210525765,0.410701815
0.229676632,0.071837523
0.210185833,0.258038721
0.211205491,0.224490662
0.167360217,0.146904372
0.16895911,0.161941507
0.178476587,0.263651815
0.173542957,0.221733801
0.169024966,0.150757808
0.166860308,0.143644087
0.166093425,0.116218653
0.166898436,0.158291541
0.182254954,0.167842215
0.170231176,0.201251358
0.181904189,0.058804726
0.185490285,0.103237614
0.189229087,0.06591411
0.183431792,0.029710137
0.181250833,0.032864053
0.143825628,0.006998094
0.138435765,0.074089635
0.14250484,0.002577591
0.170383973,0.011374989
0.134330845,0.076683425
0.150878927,0.058261142
0.157562888,0.022071347
0.141004098,0.079927534
0.143181393,0.03702911
0.188103311,0.01407105
0.193872135,0.009781541
0.188016735,0.020074692
0.191803071,0.032450331
0.187605936,0.021597123
0.188475388,0.018686815
0.189897751,0.021552877
0.19268,0.013257043
0.189214384,0.060226256
0.184015251,0.019916153
0.186322158,0.033222397
0.172343219,0.003132888
0.184688562,0.010585468
0.202873493,0.072642523
0.194503756,0.088945811
0.196629635,0.058961952
0.19981903,0.024141324
0.19981903,0.024141324
0.19981903,0.024141324
0.197001667,0.023704715
0.21299161,0.0136521
0.20558976,0.026238002
0.20935218,0.048557568
0.194232557,0.042075171
0.196289612,0.039233619
0.194111142,0.036312705
0.195524075,0.025504692
0.198341347,0.022389418
0.199303219,0.01033661
0.214385468,0.014847112
0.215585502,0.032110457
0.216732329,0.111496998
0.217587751,0.149108733
0.208664932,0.011212386
0.202572329,0.024297888
0.208225468,0.084979292
0.205028573,0.09748653
0.220794772,0.111698071
0.210108664,0.043264452
0.205730046,0.037560605
0.215937591,0.045422694
0.209724452,0.056259247
0.229679281,0.078605571
0.208602808,0.11201242
0.215317568,0.129768071
0.217409612,0.184184783
0.21495976,0.091727454
0.220282785,0.215391324
0.229724315,0.037594349
0.240141176,0.172247842
0.229054326,0.1420871
0.232178436,0.342942957
0.23017468,0.018033733
0.228653436,0.214934189
0.236148345,0.184627329
0.233688002,0.281712203
0.236219418,0.115695639
0.235317078,0.157664292
0.226474806,0.137812397
0.22466403,0.128996016
0.2306696,0.161288539
0.192608025,0.125666838
0.196858733,0.048390811
0.193722751,0.057171142
0.19489879,0.115055833
0.195515491,0.034222112
0.19287411,0.241808014
0.197646998,0.068395263
0.19804532,0.16102145
0.195647215,0.069801495
0.192983014,0.208733082
0.193090628,0.245872489
0.192271587,0.373275605
0.191580251,0.24860274
0.193588664,0.178798904
0.174375959,0.166994612
0.176461267,0.223162192
0.164086358,0.203763253
0.166305023,0.111269669
0.17183637,0.216641895
0.195302374,0.214514121
0.193163813,0.235320696
0.186844486,0.201010377
0.195055731,0.093659292
0.192032363,0.060403014
0.187879349,0.070793836
0.195055731,0.093659292
0.184865491,0.077430982
0.204896347,0.084293904
0.185238094,0.156855057
0.198862785,0.022715274
0.184154269,0.035406416
0.174882842,0.138461416
0.176115913,0.139333265
0.179491598,0.1502575
0.192824578,0.071415799
0.201029806,0.149873961
0.197783174,0.057233562
0.203155171,0.172064372
0.201704715,0.463575856
0.198034441,0.194649064
0.179163447,0.133601347
0.190206438,0.183893333
0.178832637,0.121099658
0.172116769,0.116443356
0.194412226,0.271229932
0.189334806,0.170938858
0.199163893,0.355512785
0.179220582,0.013013813
0.170327511,0.059192546
0.172833516,0.01037032
0.199362021,0.001346473
0.203238094,0.059825811
0.198732021,0.130032283
0.206994235,0.200995845
0.221259566,0.039035263
0.211828105,0.236265491
0.20547992,0.01071024
0.217852112,0.032011301
0.200536518,0.01838968
0.203618048,0.067606541
0.203158493,0.17060895
0.199408288,0.09288492
0.206147443,0.014619897
0.205687158,0.17926653
0.20169984,0.09771911
0.200548231,0.042197705
0.195866005,0.006835205
0.20331718,0.184399269
0.203383425,0.020301587
0.204634304,0.020410753
0.243042032,0.003206084
0.215388619,0.023468938
0.214060457,0.079143505
0.200951747,0.089176518
0.20314605,0.088534737
0.202072728,0.125865753
0.208197409,0.029087466
0.208107865,0.049281221
0.20667355,0.053646769
0.225164726,0.015292397
0.209146963,0.166922797
0.208327374,0.159604954
0.205148505,0.110603425
0.204193676,0.20102266
0.250961701,0.028770913
0.211134326,0.139505879
0.253377945,0.026893436
0.211936073,0.203606279
0.209442409,0.048344372
0.212266667,0.224511884
0.212733687,0.136942009
0.215150046,0.214857683
0.215352363,0.110409155
0.180997774,0.137318402
0.176035685,0.106887888
0.198410811,0.008205662
0.182543721,0.087964829
0.19008379,0.020154212
0.185666473,0.038060959
0.182718527,0.00197379
0.188298288,0.007868105
0.197497021,0.003844726
0.1915804,0.004894909
0.184611244,0.012996427
0.181391701,0.109611427
0.174983368,0.055364658
0.195065354,0.096663413
0.178529555,0.051991712
0.18770242,0.225841952
0.188321416,0.056963916
0.183908562,0.129980799
0.19629492,0.022808516
0.195378094,0.02175242
0.19704,0.231069406
0.190716427,0.210729144
0.188560285,0.118920388
0.201204064,0.147514235
0.186204075,0.36958774
0.176073893,0.07918887
0.200899167,0.158727283
0.201074075,0.166553767
0.185146689,0.117968174
0.189052831,0.212648196
0.203238094,0.059825811
0.17167016,0.019377066
0.181628607,0.158353904
0.210114817,0.103403482
0.172793779,0.12757161
0.119838516,0.230479589
0.142479555,0.37847597
0.155418596,0.136628311
0.164513927,0.042763333
0.160517728,0.164930788
0.117359338,0.161417123
0.127888436,0.414207409
0.13194395,0.134338927
0.130756107,0.595256941
0.148564098,0.109620936
0.15033911,0.007349954
0.148869121,0.001914589
0.16213476,0.294410753
0.164116838,0.093338813
0.164513927,0.042763333
0.16544774,0.214375674
0.153682078,0.002001084
0.159876199,0.035367842
0.128402249,0.062501689
0.126545925,0.013353276
0.152283721,0.062177306
0.168041427,0.618232032
0.121919361,0.435682705
0.121919361,0.435682705
0.117359338,0.161417123
0.117359338,0.161417123
0.117359338,0.161417123
0.117359338,0.161417123
0.117359338,0.161417123
0.117359338,0.161417123
0.117359338,0.161417123
0.117359338,0.161417123
0.117359338,0.161417123
0.117359338,0.161417123
0.159259578,0.144115034
0.159259578,0.144115034
0.159259578,0.144115034
0.159259578,0.144115034
0.159259578,0.144115034
0.161910674,0.141582888
0.159259578,0.144115034
0.161910674,0.141582888
0.161910674,0.141582888
0.161910674,0.141582888
0.161910674,0.141582888
0.149789349,0.220374646
0.151287066,0.300589441
0.144323231,0.252214852
