27.2511,9.35343,0.66987
33.4179,11.078865,0.28566
318.4452,98.40195,60.38361
210.2274,63.185085,36.40545
50.9616,14.35905,5.91498
274.7277,73.64745,70.10424
380.6307,20.983095,73.1565
886.9599,139.54149,356.96097
642.8088,146.39868,335.32785
715.8096,150.845265,393.60906
666.2196,123.190515,232.74495
714.3282,171.72729,393.21855
768.3039,55.00296,211.57335
486.5589,68.383035,260.12484
1198.3482,83.367585,335.01528
881.0721,71.60877,373.46904
6.336,2.29248,0.00126
26.5473,9.718335,0.21366
25.3233,8.93646,0.28935
25.7292,8.985735,0.43092
19.7154,7.129845,0.13734
14.4891,5.10822,0.33264
334.9692,92.93373,101.73465
415.5795,97.15644,156.89106
268.6059,74.34855,88.10649
333.5742,82.07478,154.37952
1096.7166,220.903065,770.04495
1068.4179,197.209755,752.20956
2315.5533,312.16446,428.33007
696.1356,135.12816,481.5144
1039.9887,204.69303,671.27328
1032.9489,154.027035,586.9143
91.8054,29.02851,26.33067
40.0923,15.79608,2.31336
55.8774,19.03959,15.89076
39.7737,9.27927,22.55004
65.0943,23.93172,11.59398
505.179,117.55476,393.29055
358.2657,81.31293,208.94661
213.1245,53.486055,158.51889
607.6035,63.14643,255.50487
305.4042,74.755305,196.92054
665.8416,107.9577,447.30117
593.4438,82.21959,345.57291
132.7626,32.755185,104.35887
185.1525,40.74003,153.96696
446.9112,62.733825,264.65337
311.3415,69.860025,257.5755
1171.5039,99.563085,483.11316
395.487,80.473095,290.47554
405.7704,87.37785,377.21565
580.0284,123.113205,535.56435
368.9541,84.371175,308.82285
334.908,75.04641,255.25269
79.452,19.73664,34.31745
114.0561,33.480405,35.87418
173.052,40.55184,79.63092
180.9162,42.10902,74.16009
997.0515,188.870175,664.02216
813.5793,157.31091,543.951
1420.1235,174.9681,315.49437
811.4148,145.26864,617.98113
1192.2777,186.942825,588.70998
822.7368,91.259865,358.61139
802.4571,153.951705,582.71706
940.6008,152.84601,569.18394
817.7886,159.381045,453.37086
695.1987,128.88603,493.82532
402.7815,72.701955,161.10684
119.2446,24.21567,45.61272
89.4042,18.80523,52.94169
680.6097,97.02711,426.42396
1465.4979,91.431,486.77229
852.8418,160.231275,566.76798
632.6676,103.175505,470.47311
234.486,69.00795,172.33965
225.1494,65.02923,158.75892
143.3484,44.46414,91.68876
169.74,48.660795,109.95165
278.8695,65.05461,283.34817
426.2949,109.32084,364.40379
405.1935,99.375075,405.14985
263.3373,62.842725,266.88375
571.536,138.41109,580.72833
595.3131,58.03191,248.40819
400.0797,74.78073,224.07849
254.1438,56.61162,260.66124
190.458,44.276085,185.67297
172.7523,41.79402,170.52714
252.5157,60.08193,249.15717
466.7688,116.01765,463.55751
378.6336,86.700915,382.03992
816.0012,160.09416,530.90982
37.6002,13.6143,10.5399
57.9258,22.370715,9.54549
1143.3843,124.31988,435.41262
436.3362,84.04875,262.99359
416.8512,77.26392,255.28644
153.8109,34.9164,140.15925
440.2845,98.19171,405.98064
250.4826,58.64076,231.27867
232.4727,54.70506,218.05812
661.5135,143.758755,621.35496
370.0404,89.788185,318.89592
214.7544,47.87766,195.70572
287.5779,67.62015,268.70454
231.1362,56.982195,204.31089
581.9391,130.244625,571.97682
286.2153,70.790715,249.78204
309.7755,71.12493,306.88785
505.2546,111.322755,486.7047
512.3952,112.58118,268.93674
98.5563,28.163385,44.49942
115.6032,35.3016,41.8509
367.695,69.899265,228.8988
556.1451,118.003725,452.44827
469.638,96.931485,358.80138
674.1684,66.299985,261.7146
1272.6,43.83261,213.13116
481.6584,95.652225,383.31828
870.4728,89.928585,302.52627
321.3027,66.957705,267.35652
209.2041,45.687555,142.50582
1097.1603,53.83998,298.33506
232.4745,47.28006,201.11202
542.2104,84.90492,356.92398
1258.551,123.671655,570.82968
806.6133,110.03202,371.7837
414.5625,89.86005,339.07248
403.812,58.45338,247.11642
209.1762,43.594785,181.82997
342.8145,72.31887,264.41064
517.2174,109.619505,355.11219
815.5818,173.790855,675.25272
306.666,63.585,270.41238
453.6828,94.920345,342.64098
325.6191,33.619185,103.73886
161.703,21.3957,63.90684
1630.9125,117.45036,506.30211
251.6697,18.197055,68.00688
1081.6011,90.38871,461.87919
1536.624,26.279685,194.38704
5479.4988,189.31527,1197.51273
4668.6753,139.362165,931.18509
4297.5909,165.007395,1094.08941
3411.954,87.086205,521.75412
2106.27,161.5608,922.92057
1475.9343,122.17419,673.77942
1381.9095,86.949765,471.72771
1128.5136,98.972685,426.44403
1391.7879,77.969025,443.39895
3041.7966,80.91531,558.261
338.148,27.858555,104.11119
207.5607,17.27514,58.07871
49.2759,3.758175,12.16035
1532.4102,83.613555,533.54871
891.8631,39.93327,240.36957
1211.9976,56.11725,332.08677
2443.8465,95.38263,676.4364
5696.9253,147.446235,1088.13978
752.8788,42.57144,205.02486
6943.9194,145.968075,1151.08092
1668.3831,114.586785,684.86958
46.8657,14.131305,19.95021
75.6468,20.695455,41.4747
973.9908,196.56198,861.87942
641.6451,124.78806,562.39092
433.2807,91.024425,401.1093
683.2701,94.34394,381.63258
489.8196,100.17144,456.02613
326.52,70.010685,274.11039
500.3442,101.20779,434.28186
349.0425,71.650305,343.63161
731.4696,159.40197,618.62643
240.9885,50.711985,214.22772
629.0712,135.8568,540.4455
687.5793,148.26204,497.88306
1561.2714,265.76172,916.65207
841.4154,179.85042,705.17367
392.4558,77.971635,308.77281
262.089,61.05933,155.44134
475.0308,96.4611,367.93026
511.8813,103.27761,403.15122
316.2573,64.473345,213.23376
578.6811,123.31647,465.99084
694.71,147.118455,492.66063
124.6743,27.283005,75.14478
538.6941,120.285855,365.21991
439.0344,93.45519,269.41743
317.9196,80.99748,234.5283
476.2269,102.67695,453.44259
537.5124,120.042315,499.23171
504.7263,111.658815,445.74489
273.2949,61.709895,228.13119
357.2127,73.32669,324.01278
308.9457,67.20885,262.68192
551.6721,126.96246,494.45541
709.3278,152.45316,667.57257
422.9577,90.50868,383.0949
764.7975,165.65778,686.85606
178.3458,51.31476,82.9971
64.4796,10.52064,13.9437
86.9508,15.451335,28.49751
167.9553,35.290485,81.23202
145.053,20.80134,27.76716
145.6569,28.96416,60.07365
352.17,68.36562,226.64925
1096.2765,67.123395,418.37283
746.991,21.432735,119.7108
820.2816,22.621905,113.08374
1020.4722,82.7928,472.4622
186.4719,40.67514,41.87718
707.3991,65.80152,156.24603
1204.1298,115.641315,588.33747
1308.114,117.95454,672.87852
1352.0322,83.342115,463.9266
852.5304,56.086065,341.52507
1491.8337,64.59939,399.57489
1265.7411,73.82556,435.25584
1321.4286,72.000585,437.38182
10.1538,3.56319,1.88343
7.488,2.531655,1.37511
399.0501,33.69582,119.84616
704.5191,49.820355,246.7107
1173.771,65.81484,392.3289
207.7875,48.933855,119.7288
266.2857,47.573955,230.89779
622.5507,89.363115,531.36567
320.9247,52.73523,247.96062
637.8201,90.089235,525.01662
493.1487,17.9181,126.76815
432.3627,38.02923,222.44832
407.601,41.22216,251.35308
511.9722,72.8496,420.95385
930.3678,73.97172,482.2128
695.9412,74.58795,506.69388
934.1154,40.067865,287.90694
72.3339,22.00815,42.90975
998.6544,66.35934,441.72981
598.8447,75.344895,413.93898
609.7815,44.67933,310.50495
786.7467,104.0013,550.26342
524.7666,84.71988,458.93286
1383.7077,136.722555,725.5701
2450.394,76.477365,437.73183
1400.8113,118.47537,652.81707
1086.3387,115.53534,649.55943
2114.0325,94.80663,639.78138
1004.3298,118.40355,528.08715
790.3323,109.22715,424.22661
531.1449,64.04445,286.65585
1022.4549,51.81579,334.66986
895.2939,30.83049,207.93465
1048.9941,33.70338,252.6768
930.4308,53.713935,326.8386
1247.5314,115.9596,748.62522
443.0943,58.42593,261.70929
635.5386,91.89909,412.48737
489.5901,54.81477,261.78399
345.1635,69.33762,232.04223
608.0706,133.75791,489.87495
661.5972,152.25237,815.1057
514.224,119.085435,579.82095
473.256,96.744555,521.91774
306.7074,75.384585,314.49132
279.8595,64.990395,314.98875
301.0707,54.29232,291.35997
437.0652,62.97894,361.61397
400.2786,70.28478,398.00115
376.4295,65.438325,409.38354
398.8872,80.136315,456.98859
516.4776,117.71118,542.78649
268.5645,76.37994,206.92215
1157.5557,116.613135,608.49009
467.8596,61.28217,310.69134
1188.0567,56.70504,345.96702
819.6507,63.243225,329.19183
1206.1071,81.22005,455.54076
983.4003,29.941605,181.40958
1350.6435,39.668715,261.63666
1180.863,70.91271,482.24574
1020.9285,64.99746,419.68665
1121.9661,30.535425,215.67897
998.3889,41.162445,231.1029
656.1837,22.523805,122.3244
1376.4879,33.747255,231.89328
1535.8212,127.94211,709.27335
582.4944,117.137745,445.67505
217.4283,50.064075,226.25559
409.9986,68.175135,363.67983
494.2899,113.61942,515.57895
683.118,147.201255,585.43074
443.5713,43.20612,282.54564
707.7915,46.484865,347.27049
369.756,44.41851,281.75607
567.6228,29.71611,211.25313
715.6827,42.53247,295.59024
359.9856,18.3402,119.29626
505.8396,40.14927,272.0034
486.9387,21.613905,140.95584
527.0049,31.190175,219.29877
357.8193,44.16111,272.96118
105.6384,29.427345,93.50091
287.5293,52.73667,208.72089
498.0906,25.707015,123.12117
465.8733,79.701075,336.93516
558.6777,37.194975,155.01609
1639.3221,42.21765,248.16465
1471.9266,72.83286,423.11052
551.2293,33.952905,151.52391
688.3974,28.657305,190.29933
931.8384,50.593185,313.08489
551.709,24.349455,156.07251
505.9692,20.021085,133.26759
617.5116,29.8917,199.65501
479.6766,76.840875,283.01265
554.4828,90.88146,422.41176
186.9183,24.05475,45.68805
38.1141,11.33343,5.45877
160.6518,30.397365,87.49719
935.1018,84.864915,384.20946
1335.2652,178.242165,994.49775
1273.4721,127.41777,740.4534
3573.5625,166.08114,1073.2221
3183.2991,65.70081,427.8249
5266.2114,107.504685,728.60643
358.9389,40.31442,91.53504
191.9736,37.47141,27.95175
111.186,17.2656,18.39627
260.1891,2.945655,9.18981
547.4493,9.452295,3.79962
713.8989,88.14546,286.11225
1532.6136,191.095155,949.93524
6519.0195,115.177545,718.19694
30777.1488,97.03845,573.35337
567.0387,22.682835,40.62897
1401.8139,28.58895,62.08029
244.7586,17.45775,32.47686
518.1876,48.811095,171.09027
850.3308,85.217175,334.26738
5818.0068,273.52863,1621.73646
18396.6993,424.86732,2710.16118
7078.7718,197.9487,1258.87968
15074.4726,237.370725,1460.27619
5140.6839,98.6877,624.09672
26841.7521,117.49401,884.78109
16692.8814,494.262315,2996.68905
2374.4574,117.24039,703.24722
3061.9503,231.873885,1377.72981
9315.3366,493.087995,3066.45984
3632.5728,363.3975,1876.29183
12474.7857,692.59491,3839.72571
15935.499,625.377555,3475.23021
4955.5287,374.274495,2207.52522
6288.2163,260.14581,1554.13332
10831.4577,472.5387,2740.57758
23345.7948,427.44879,2773.90656
1025.4186,22.262985,48.81978
3430.1187,37.561995,155.36124
493.7076,7.1253,21.94911
11387.6154,304.72929,1740.35691
9857.9988,162.33561,817.79121
18626.1003,124.33734,834.59583
25087.9221,96.628455,562.02291
30928.5639,158.14764,853.67709
17665.6779,154.007865,987.13098
7944.7401,135.960255,721.2663
2624.0076,46.36944,231.8994
509.0157,10.984545,4.97556
14148.9936,414.61011,3263.93874
14639.4144,677.45313,4735.13832
70386.6996,470.28159,7241.26797
33159.9555,82.265535,1164.63555
38340.3852,113.051295,910.17
38440.6371,68.32944,598.60593
42980.9166,65.38221,51.11001
1047.5226,14.391315,15.43716
37704.9375,185.292675,3475.41849
18584.2143,345.016395,3182.2155
46183.0113,178.18353,3321.10017
27503.6355,14.480955,1752.17967
2075.1993,227.38221,1342.95318
2216.16,235.9557,1453.27284
2866.2471,142.43013,887.26041
7977.1743,336.73653,1885.62978
37735.3935,207.336015,912.66075
38572.8759,29.54844,139.69764
1563.6645,161.040195,988.99245
120.3903,14.59818,19.38708
2962.26,53.67672,338.92155
3995.235,58.32999,364.81077
6206.4783,151.28118,956.62512
4004.9559,163.90602,988.56
3465.4338,132.007005,881.48025
3532.9176,133.04961,708.32493
5798.9097,81.846765,540.90288
5855.7762,86.00418,521.33841
42211.8135,158.44248,979.12107
2826.2475,135.994905,828.89883
983.4975,76.81491,349.35606
8074.2276,28.47366,674.56287
25237.7496,568.060245,4045.58352
15298.8966,399.43413,2531.24091
13434.6537,577.855935,3911.38704
5827.3389,310.938705,1907.74656
292.1796,8.108685,1.7703
16887.1176,16.19703,93.44106
53340.3801,32.783895,132.37236
65834.3232,94.459545,78.96528
48991.0833,20.95272,79.38189
92413.4022,91.007685,510.38793
40379.112,43.614045,121.50036
5006.2023,111.67074,717.48576
9175.7754,18.226485,112.49244
11201.256,23.31432,141.19326
18354.4659,45.31203,272.88045
5912.4591,88.23348,574.67565
65602.7406,47.051235,242.67753
105517.3932,5.167665,35.0937
156104.8632,24.794235,127.55061
731.1771,1.134495,1.99305
16.47,4.674555,0.17271
14.2596,4.143105,0.14724
27.2826,8.21952,0.38619
24.3864,6.75153,1.72674
30.5694,9.37773,0.16551
617.7204,102.06459,370.04292
746.2782,132.799635,324.81837
696.9276,105.214815,420.74541
634.5,130.3677,283.01886
1331.4933,203.14251,934.47576
1956.1158,234.876285,1242.10224
1966.7457,239.90553,1315.24011
2739.9654,395.990685,1927.78605
27.0342,5.08923,2.91573
15.9975,4.61475,1.21167
20.8359,6.91434,0.90999
272.6748,67.36131,60.83127
256.2228,48.54438,87.62103
957.5289,181.15182,460.69326
2022.2685,257.91795,1186.70544
67.5792,9.34416,23.72346
2341.674,329.57667,1217.91438
2617.3926,280.826595,1375.5807
15.9318,4.21236,1.02969
23.2893,7.535115,0.1035
22.5513,6.42762,1.0737
356.3505,71.32662,109.91241
1076.1354,171.474885,796.55526
2078.91,139.5288,794.7981
1800.54,260.24544,1082.42046
23.3433,6.127335,1.55169
144.0882,22.518045,52.61805
168.0147,32.24016,59.12298
200.5173,22.74993,77.44194
1282.4883,68.890635,434.90916
2055.33,88.95537,649.72188
2246.364,89.444295,681.86187
94.7178,12.89853,23.70447
193.2102,23.601015,63.56763
201.7413,16.562835,57.42063
215.7435,11.84895,53.44371
1378.7937,61.12332,390.86199
1448.6202,57.038985,400.37877
50.3235,6.61212,18.24327
65.124,14.96241,23.66343
399.0726,35.274015,163.2177
2405.3238,96.83622,670.94883
1353.555,175.038975,893.79234
2635.9218,158.1624,957.44538
16.0272,4.476285,1.56177
27.6723,6.838875,6.03585
298.6146,51.14673,121.51836
2007.0855,291.322485,1516.90869
1821.5478,200.72349,1044.15282
2364.7734,304.24824,1252.18656
967.4505,142.501095,698.8131
156.5694,17.152605,2.56536
33.0822,7.117155,3.3183
210.9015,40.19364,64.96542
322.308,54.85977,71.9217
1437.6105,156.240315,646.95393
1056.942,156.09969,663.09597
29.3841,8.45289,0.83682
18.4365,5.35077,0.24003
28.5939,7.50843,2.74419
74.7432,12.5343,44.39367
235.5354,38.743785,94.47246
5120.8614,566.30709,3273.34527
3135.2976,353.02716,1970.65116
18.576,5.5611,1.9062
33.174,6.05106,9.39987
53.7372,11.29212,14.31315
166.6251,14.190615,47.40111
111.6594,23.771925,48.60666
1644.2946,189.053415,829.01079
994.716,157.87017,605.75949
87.6114,17.65206,36.49968
158.1435,30.533535,77.60025
1049.346,151.054335,585.59454
1071.2673,169.001955,721.7415
133.8309,20.33424,50.67477
381.4119,24.19272,137.17584
1681.1001,169.763265,897.25032
1847.5695,113.22792,773.44236
3779.4807,469.554345,2635.19748
219.8358,30.99654,115.01217
1980.1917,172.33983,1009.26855
166.6701,21.703905,50.69367
300.3975,36.461025,126.80001
3105.216,259.079535,1318.01049
4348.503,329.12028,1995.88617
1613.7207,139.407885,764.45154
3870.9342,343.780245,1690.43292
1970.6625,140.430555,830.40867
1105.5312,132.645285,625.91265
126.8154,16.504785,26.13033
358.2099,28.730925,136.9584
1721.8197,219.72573,1011.21867
1721.4363,145.131705,789.78195
1504.3689,184.857255,920.5803
538.9128,55.84617,159.99336
876.8619,127.431765,480.92526
272.0808,44.642925,122.85558
996.0165,121.675545,491.43033
265.7808,49.925565,91.68561
1504.8207,163.13796,949.90464
2705.7987,263.83635,1610.53506
4907.1699,543.69774,3109.29957
4718.3616,500.2425,3055.60629
2949.8733,333.57807,1929.70458
803.3913,82.03401,430.20414
1077.1137,91.964475,500.90193
607.0365,57.15846,315.79911
891.0288,39.31767,206.3061
2197.7946,147.94587,1000.19502
4959.9432,196.60419,1500.29451
4011.7446,166.97466,1297.49139
4047.1794,235.693755,1624.08555
3162.5937,233.628525,1590.35967
86.5377,15.814575,39.23937
781.7184,59.392755,325.63647
3259.1619,385.996275,2262.19788
2058.0282,184.20849,1140.26256
3909.2175,451.62009,2618.30421
3085.2711,318.88638,1813.1319
213.4503,24.76881,95.13558
154.9404,17.16336,80.92683
2087.3961,191.31147,1243.18809
1890.3951,156.715965,1014.19272
197.874,13.336425,42.52707
203.7492,12.884715,47.83347
1959.0651,67.997925,542.20563
1679.724,119.71584,811.66329
2121.0696,145.303605,1005.44616
1835.298,187.83099,1148.10255
1054.2267,39.207465,279.37377
649.7757,25.191495,146.05416
817.0344,18.544005,151.63155
3585.9807,42.07941,591.26976
1767.8349,30.129255,336.06405
1131.6591,11.587545,187.76133
1542.7098,19.4256,269.42157
1678.1724,173.85174,844.31979
6485.2146,526.09707,2890.04517
6294.2742,530.446095,3084.39765
3887.577,289.20069,1619.30547
4499.7219,470.8485,2705.56515
2436.9561,250.557885,1289.2653
4498.3269,382.411755,1742.18049
8867.7981,616.162905,3410.69643
6000.2397,481.015665,2739.29004
5868.8127,476.52615,2281.77504
905.9841,33.915285,185.16726
630.7659,28.293165,168.03531
8999.4663,217.485,2045.85039
671.6493,51.978105,246.69999
1354.5468,86.6808,545.8365
3140.6571,60.47037,640.78272
1678.7925,64.930005,455.04117
4854.2922,81.59193,948.31605
511.7247,62.46216,208.74834
176.4405,29.27097,56.57949
720.1512,69.08643,300.83625
103.3398,15.55488,40.69278
846.7596,92.37753,387.59409
357.2604,53.709795,137.29959
2530.6551,224.47386,1240.75863
2344.7421,148.643235,884.11833
3255.0912,347.889375,1938.82266
4919.8959,324.46197,2147.58207
3068.2557,124.23204,882.39528
3973.266,288.469665,1796.82606
3459.4335,298.489095,1871.12934
3429.0162,178.587225,1240.18803
5805.2889,182.80953,1480.61079
3052.2015,187.24806,1298.92923
7727.6952,311.574825,2388.78684
6764.9625,430.455555,2918.10879
69.7095,6.28425,19.134
136.4184,14.59872,33.4368
650.3517,62.26902,213.87222
838.7496,77.97681,297.67545
488.6991,41.52393,163.82628
378.8433,24.145515,135.34866
2806.3971,190.51506,1099.62126
7396.0992,542.925315,3330.74187
4580.3367,379.594845,2327.75694
4767.3387,389.034315,2109.35016
6189.2019,465.52923,2967.63624
4488.9543,322.901055,1876.63608
4034.2554,314.46414,2007.26064
2602.8225,193.24044,1278.33156
4373.2503,361.53333,2345.87403
8664.7608,573.834645,3682.02573
148.8708,18.93285,48.34575
525.9456,26.89929,144.56556
478.8351,27.64404,157.05936
381.8421,12.475215,78.47343
169.2765,12.36924,45.81369
399.9654,22.17825,147.01464
2942.2566,170.051445,1141.67196
8646.8616,562.420395,3907.81035
6817.968,503.675235,3382.16346
9.5598,1.89513,0.1512
14.1093,2.851065,0.2637
36.2421,6.151365,5.48613
147.2211,14.817465,50.25582
4902.9111,124.11009,1038.07494
33.426,3.901905,3.24216
7818.1713,379.72998,2681.982
4149.3582,323.586,2041.4808
130.8303,12.513195,33.18894
730.2879,13.068855,103.48317
188.7138,14.996025,77.83479
544.5018,38.689785,229.08195
2510.6598,201.922425,1252.44765
1885.6152,164.79243,1071.40905
10105.0047,594.915705,4192.19532
6530.5746,306.624735,2298.17295
650.9475,75.95802,103.80654
507.3669,61.688925,97.49754
1669.0509,121.944465,419.33979
771.4548,106.56333,160.27272
3110.2551,231.518925,942.65226
2778.822,271.068255,1368.10584
4880.8737,451.215315,2087.65575
4039.812,317.59776,1815.69663
7350.5826,388.112355,1952.5365
4175.2287,25.961985,420.98859
1839.9861,8.723925,176.52591
3330.81,20.375055,336.88494
7443.6696,141.413535,1289.21013
2277.8514,4.718655,188.25417
3567.1401,14.02506,321.86475
3577.122,14.58279,368.62776
3032.847,32.611365,406.12905
2422.4832,12.447945,238.46751
3967.9533,141.699645,1068.00201
62.4114,7.133445,14.64732
30.6423,4.18221,9.93726
201.1572,19.962855,76.93587
1918.098,143.335935,863.15067
4755.9825,282.697605,1930.93173
2586.051,212.41521,1328.00805
3831.5961,231.23943,1528.24302
7149.5505,534.028725,3478.17465
8517.9636,731.675385,4739.47758
7142.8338,492.337395,3326.41881
2315.6316,123.654375,818.43687
81.2709,9.18828,10.97244
1635.0372,90.22986,611.658
2398.8276,147.41748,977.18562
482.7519,14.424525,92.41173
1191.6396,67.859955,434.68308
388.989,15.04656,77.17221
332.1846,27.95805,147.85551
6094.7325,238.22199,1835.65404
369.9963,11.31732,61.13295
7364.1465,153.660375,1472.05593
4583.2401,212.463045,1601.68752
4789.2474,161.97399,1271.58588
3259.1709,93.211965,723.57426
19929.4884,259.149375,2637.3726
17493.5979,257.86782,2738.18619
5730.7761,173.880855,1383.68781
8538.0345,433.503405,3116.64087
10965.1869,532.7109,3612.88179
20699.4105,876.39939,6322.27599
3126.3984,298.4724,1770.5736
2607.696,240.389325,1492.37847
2823.2631,266.50971,1529.40861
3196.3599,275.601375,1649.89386
6266.1186,264.98304,1982.07891
2423.2176,202.343625,1253.88072
5164.9497,210.070665,1582.04664
4652.1225,360.78786,1727.6049
4822.2891,480.445515,2578.66335
5568.2433,430.735455,2817.53667
30448.0521,18.79281,1738.20357
42661.9359,125.383905,3120.70842
20877.516,18.99549,1235.4138
8.1972,3.970755,0.11466
21.5793,11.8683,1.08072
12.8322,7.9587,2.36781
12.6153,8.32041,0.20412
19.5435,12.53763,1.25226
8.6031,5.164515,0.22149
25.7193,12.89853,2.17476
146.3499,73.676205,72.25506
119.1465,63.482175,42.86853
176.3028,83.42037,144.04527
563.1813,239.97384,454.87773
231.3594,77.36688,329.46201
235.3491,90.33381,258.17391
320.9238,86.850675,286.3314
271.557,101.82447,342.10107
686.7135,162.030105,824.86845
30.7143,10.41543,12.0069
19.9647,10.76733,3.91869
51.1893,13.17888,10.5066
26.2359,10.451565,1.93725
397.2636,105.828975,405.21438
195.5043,53.46585,106.42419
59.8797,22.801815,30.19923
656.4357,182.80782,683.58015
676.323,175.29345,771.2775
516.1311,100.54773,493.92045
422.3538,76.450455,353.23758
165.2517,59.968755,164.58804
133.4538,55.13337,109.49652
583.7643,40.8213,76.17321
27.9198,16.041735,1.55151
83.9925,39.345975,61.44129
440.9244,148.29246,362.06244
1034.1891,175.58028,736.1307
104.6547,42.60978,45.9531
58.4703,21.613185,28.82853
300.9771,89.431785,269.99622
54.9441,19.47888,12.9546
919.7127,261.810135,946.81323
712.9809,194.66496,770.54184
625.4946,173.18214,652.6179
829.8612,230.608845,950.22891
862.4925,197.54622,788.60997
1024.8867,272.646045,1101.86847
64.1952,27.800685,44.57412
53.6742,23.93289,38.73627
218.3778,73.52451,224.17173
584.2953,136.73682,382.61475
487.9521,102.245085,491.02443
624.6405,148.632525,775.39527
233.4645,36.871335,64.4625
2377.3509,89.726265,234.14184
299.2662,64.25352,135.46845
159.6636,43.683975,46.43631
694.2645,148.24692,456.93873
511.9281,163.47942,515.376
423.7902,127.40265,338.46372
445.0086,135.689175,335.31309
267.3522,96.3369,319.17231
116.3421,51.2667,74.84076
79.9704,24.10938,41.67936
598.3929,169.20972,791.98146
1106.6535,219.659805,1154.77758
603.8811,156.335175,711.5112
667.1448,190.902105,904.00419
476.0838,128.575485,603.1287
514.6407,143.609535,651.8781
446.2083,97.4943,174.65346
337.1013,89.891145,316.54548
815.6385,182.624535,668.27223
1045.6083,249.33168,1122.70815
806.7681,182.139435,797.15934
511.9785,127.72926,560.16576
705.7332,173.91699,875.39283
574.0452,160.37082,680.92317
193.9914,62.220105,146.48265
368.6184,79.087275,403.56144
775.1889,202.8204,996.68259
1074.6531,233.780625,1139.89581
912.1995,115.427475,622.98009
386.3277,108.01125,471.9717
518.4513,120.255255,587.84409
719.5068,183.257865,974.66526
526.9167,140.575365,608.36571
786.7521,190.85085,996.08877
692.4771,167.803425,840.01842
895.131,208.671075,1197.93096
560.6811,128.26134,691.25427
841.7835,185.79456,953.45793
169.8705,44.197425,145.95273
350.5167,83.32092,252.8487
603.2952,157.965435,744.98328
747.1728,157.494105,833.65488
395.37,112.050135,481.84083
1275.9957,185.194125,828.34668
178.6743,47.121615,125.68671
61.3503,17.452035,33.12522
306.6642,68.620365,290.90052
429.7923,131.3712,578.38041
208.5984,35.76861,121.11057
563.742,141.30855,710.28765
132.1479,49.24233,116.09361
162.0468,43.362675,159.63552
408.4245,110.097765,528.76044
1170.4293,278.34201,1317.46365
355.1553,77.043285,298.22301
500.2929,141.42537,660.393
417.9249,124.468245,417.89448
801.5877,135.134235,534.24981
1095.3855,289.50111,1301.42196
579.7413,151.35525,634.78125
993.3624,248.687865,1179.07911
6.7842,4.21569,0.98685
9.9783,6.68124,0.76617
64.9512,36.397485,30.95181
23.1192,13.73715,6.08652
92.4048,32.95467,60.22197
20.3697,12.06972,7.18983
425.4408,173.77263,392.67567
359.2935,125.60778,379.74861
338.5431,69.000975,256.52088
418.3065,49.37769,266.44959
293.3388,40.755195,195.11748
1011.8277,31.7772,259.4016
365.4279,46.88487,268.25355
135.0189,45.11259,124.85979
70.5168,27.08793,65.3517
167.0895,59.36571,104.6421
92.2608,34.92459,60.84585
231.093,72.23751,166.51485
242.1513,52.32582,213.90849
330.3333,64.714185,246.26619
418.3668,67.86945,269.98398
386.9379,112.224105,342.69759
660.2076,155.0952,362.75841
84.9915,22.68054,38.05758
87.0309,29.35701,38.26305
79.3224,30.469365,68.30181
107.7012,6.346395,19.6956
331.9506,41.40216,206.99721
164.025,44.70669,191.60307
160.6923,41.050935,196.91316
166.9725,15.14124,122.41575
202.9563,18.077175,152.60427
247.347,66.730815,243.07461
272.4822,68.16789,216.54162
68.7195,16.7454,47.32263
163.1313,57.602205,234.23823
224.8722,66.75831,293.33772
207.4104,65.943045,255.59676
197.9982,66.677625,285.25554
291.2724,101.371455,365.5413
202.8249,69.53778,302.85972
266.8167,97.942815,380.78955
294.0957,84.673035,297.4662
306.9261,84.76857,355.28787
327.9762,77.43987,297.85437
392.9409,105.04908,505.81683
400.5909,71.18199,376.77834
174.1491,57.660435,133.82343
248.7114,76.739085,185.23359
406.0053,107.812575,410.46678
211.6809,33.563565,171.84834
478.9098,114.00471,443.56338
345.2823,73.90764,385.3323
283.5225,76.55562,307.24704
173.3148,55.45197,217.97595
238.8159,44.8965,221.2821
148.0383,31.328325,134.46783
125.6112,14.213925,84.83922
341.5986,82.94652,403.28325
252.0072,87.924195,241.89093
314.3133,83.69325,295.93701
218.34,61.896375,223.28991
143.928,46.99566,174.41631
350.0811,72.19674,368.54154
194.7456,37.86273,199.36593
234.1836,23.56929,162.97119
268.6644,70.67619,353.67975
355.0311,65.79432,370.22184
171.5436,37.886985,104.5737
133.1685,24.393465,68.50611
105.9462,18.85788,50.34213
44.4609,3.25566,7.04286
147.1977,39.188385,89.89209
187.2324,39.843225,146.79963
127.7532,37.84734,101.17746
252.4977,41.07357,163.93374
222.4665,42.04953,204.0471
276.7185,41.734215,212.59395
281.8179,83.93913,292.2561
417.3309,85.591845,356.69628
131.8734,35.832825,80.64819
189.1818,33.741225,134.41437
286.4457,21.407085,152.84223
183.4119,25.989435,137.77056
294.1092,16.3296,157.03362
165.7854,22.81608,144.96561
117.9081,7.25949,53.04591
178.8858,10.8729,108.10755
197.5698,6.244065,85.78143
325.152,19.679895,189.35127
91.4013,39.187395,68.78673
73.7937,19.40751,45.80424
264.7404,92.057265,308.18079
189.2205,39.84183,75.55437
794.4885,218.40804,1059.04125
980.6688,239.51313,1259.52462
786.1473,172.61109,931.338
964.6353,216.48384,1269.7794
1216.9098,152.425035,817.42545
50.5485,14.64894,47.79315
75.4056,22.698945,73.65699
427.059,99.804645,431.29782
169.7625,33.213015,157.10382
247.5234,61.64469,334.04148
178.9623,40.07322,206.88516
34.6653,5.566095,36.81909
844.0929,189.41841,1108.93275
71.4852,21.432285,57.71385
38.9448,14.74605,33.95088
141.4665,37.232325,123.91794
180.6453,52.671915,213.72813
1052.163,253.86543,1300.31604
742.779,164.537055,748.64322
615.3597,161.86851,803.60667
158.7582,35.99406,142.24851
108.2619,37.179855,107.33535
151.0686,30.6612,122.01129
31.7547,9.681705,20.01699
298.2942,70.941735,308.65302
557.4879,127.14264,558.31581
1365.8796,317.223315,1741.16232
84.1761,22.413735,46.03986
68.0139,24.891885,54.18522
138.3264,34.056765,179.87472
561.5424,93.92301,490.44546
399.7503,88.669395,515.56563
561.078,130.63068,720.2664
113.4963,34.418295,84.35079
67.7646,23.09796,43.31952
178.1901,48.95505,179.2647
909.9486,249.775335,1115.80344
10.7982,5.34114,2.77083
358.4709,73.633905,352.37808
114.6717,22.414275,111.08052
850.2777,136.4085,810.79947
133.0623,20.401515,67.5612
92.7711,20.175615,76.2237
193.3515,30.99024,133.32852
486.9954,122.93901,727.35444
550.6776,73.991655,464.34348
1327.0491,151.253415,931.03947
654.2298,122.48406,725.04909
369.1755,30.8736,252.6876
573.0453,116.205075,679.49775
412.9704,83.119365,527.03154
47.2788,12.27969,40.56615
297.3546,20.940795,155.44521
76.9122,12.445335,69.90156
286.9443,30.917475,195.72372
291.7044,26.52849,193.50864
101.6055,11.87523,85.90644
256.7259,14.53023,145.38906
99.9045,31.28229,94.76586
491.751,98.73828,522.58257
643.4469,163.230255,830.83752
653.1921,150.38037,866.64663
1334.1312,327.815775,1707.37173
882.2754,208.537875,1019.65959
872.1729,192.29976,985.97007
1170.7623,229.1391,1177.09353
268.7976,90.432855,296.71605
299.3373,88.5051,371.48274
288.1386,86.66946,344.2662
780.7329,227.401965,1075.52061
821.7234,230.40387,1093.47939
766.4517,219.85902,1049.78133
924.6699,237.81429,1092.47157
292.7421,86.56461,369.86139
1308.0294,356.20974,1632.27357
573.6321,159.54975,643.42638
846.315,237.14478,966.39777
960.6411,258.231015,1260.35028
834.0903,221.70348,1114.587
635.6106,165.53232,915.27849
737.0559,171.79515,964.91349
229.0806,62.591535,344.06532
1583.7147,352.251,1795.07079
604.0611,119.825145,717.96663
763.02,59.49585,424.30428
400.5954,43.050555,274.97394
1033.4349,287.51778,1286.26443
943.0785,262.146285,1219.41801
943.524,260.750025,1263.14613
875.7279,251.539965,1155.04488
688.4397,113.552865,637.18893
690.1911,93.388905,611.96589
169.7445,9.50454,91.09872
244.1097,42.640425,262.62225
51.4278,8.324955,52.67502
6.9903,1.726605,10.43757
8.1873,0.7704,6.53967
153.4896,18.800505,116.59176
156.4128,19.30356,139.17141
344.6865,31.70403,200.21472
5.2686,0.49005,3.61575
8.6355,6.129,3.25854
6.1038,3.580605,0.23157
54.9522,24.26886,21.67272
44.1945,11.5101,34.4367
74.9259,16.829685,49.29588
143.1234,52.754715,162.36837
326.0043,55.89225,252.47394
209.223,36.97362,181.1826
161.6895,14.23107,97.74711
146.8827,18.311895,128.75184
223.0443,19.71135,177.03873
83.3679,32.57451,110.63169
420.5457,116.94249,455.18949
15.1578,10.356165,9.78633
37.98,19.854945,39.21561
16.6437,12.80916,6.09147
56.5308,25.282845,59.71905
102.1329,38.302515,139.39434
85.4406,37.5363,120.87702
83.9115,19.594035,76.54131
104.9976,26.732925,109.16982
70.6932,30.134025,92.24334
182.6172,65.28762,205.67808
242.3574,51.72246,285.22026
34.0092,5.5584,21.27042
69.6123,7.908345,46.26747
153.8181,12.933495,124.96284
201.4902,20.191815,175.71357
302.1795,36.343665,304.83513
182.5515,18.248895,156.45825
302.2074,25.122375,235.45863
189.0774,21.515625,139.34457
186.9597,16.62093,138.89466
173.0394,12.0258,114.0453
216.9747,22.53204,207.57717
257.8995,28.46754,199.7469
12.0744,8.35137,9.68256
31.068,14.194305,19.46592
52.4574,13.43691,62.87607
72.9981,24.070275,76.68666
182.8242,80.962515,248.77125
261.8469,44.014905,290.5515
134.3817,19.81494,143.46324
184.9095,17.02404,148.94649
37.998,13.12542,70.26975
39.0519,26.30088,45.5544
163.3671,105.73488,222.27237
320.3919,107.435205,416.42577
55.5372,25.95285,100.78776
30.303,15.41268,37.06272
131.3055,24.61608,148.81977
397.0701,112.255605,560.19051
191.5479,41.698935,246.86352
111.2274,29.362725,168.29379
77.1291,20.71935,64.16802
156.9987,34.03692,206.80353
192.312,27.858105,203.55642
110.2329,12.758985,96.82839
238.8906,88.43535,325.30077
289.8297,21.474675,168.59241
385.2351,43.689375,332.76807
191.3967,16.386795,138.22587
414.6786,42.527385,360.54531
241.5546,23.01849,193.47741
122.9175,16.337115,122.52951
186.6933,14.822325,139.04685
325.5786,35.014725,272.07396
231.0957,24.01362,189.10584
444.663,42.81291,359.29746
215.1576,36.504405,178.88535
182.6334,25.02972,179.49051
315.1395,37.81548,306.70074
268.8129,37.731915,278.41644
243.2421,28.84275,242.85591
228.6099,30.861045,226.15731
229.6935,20.23254,174.37734
194.1705,24.31962,121.78926
264.7026,35.17191,224.50365
292.6062,26.456535,219.13983
164.0637,11.390175,117.54216
150.7491,9.234405,98.13681
107.1135,7.63173,70.94862
55.4301,5.681655,44.54379
240.228,29.23299,167.10633
237.7494,34.294275,218.50731
30.4236,7.21314,14.18265
15.2946,6.62661,3.36708
13.4307,7.672365,4.00428
79.4664,36.8325,57.76308
639.8073,165.909465,928.15686
82.3203,27.581895,73.73448
740.7999,195.19128,962.67267
193.5846,47.97396,278.53983
883.9962,156.484575,909.16146
98.2098,25.973685,89.73036
5.4324,3.58119,0.68742
446.9976,47.882295,341.0514
553.095,118.372815,691.49304
46.9818,19.641195,52.1865
145.593,30.89511,182.60955
175.5261,34.7067,222.94359
137.8359,37.764945,199.25784
143.1207,27.73098,169.35129
187.3962,36.909225,133.48431
28.4832,7.933275,4.1301
380.8584,62.64999,313.85538
752.4081,50.89131,395.99487
697.7826,92.07909,674.00919
652.8654,87.39036,533.67219
195.273,30.62781,200.59596
1110.6459,130.94874,715.55157
318.0024,51.011145,266.74173
483.5457,69.77934,415.1412
322.281,48.312405,270.40221
121.5333,27.532395,134.67384
178.6311,36.797895,167.49819
494.9064,139.77756,700.80921
309.1383,49.2336,309.92589
43.2378,16.053435,51.81597
265.8933,71.66187,357.76593
484.5033,122.73435,593.47161
119.3598,51.53454,124.12323
275.4702,84.0933,364.15683
397.6443,55.54503,368.80893
406.179,97.82622,545.22594
142.5645,27.54144,168.94683
173.2905,18.487755,148.6638
171.3987,13.216095,124.43337
257.0697,31.357125,262.09107
158.3793,27.78624,179.20323
141.0498,14.041845,128.08584
150.9147,16.72956,142.60509
654.8616,108.9621,751.99662
434.7693,96.330375,540.82188
440.226,72.1458,505.9116
333.9135,45.76563,326.75238
239.8419,30.1671,263.80287
223.5951,30.724245,216.97182
324.4257,64.692765,370.85544
130.698,44.735715,181.0134
178.0362,41.71869,218.93787
501.0273,106.334325,616.25268
553.8897,108.431415,664.4511
318.672,46.59795,330.56406
307.4463,62.572815,380.94642
469.3518,84.439665,563.03631
544.2021,123.079455,731.44485
316.8279,43.766325,326.84283
387.7245,56.62161,397.23372
456.2298,81.70308,561.56661
355.3902,72.464085,474.47748
115.6797,15.90201,116.77077
464.8779,98.64315,552.05217
355.6071,64.30158,430.2783
290.4651,56.08566,363.89844
374.2389,84.25701,504.13761
386.0658,64.13409,430.06482
196.5465,19.747665,152.11224
160.3782,11.68974,108.84024
852.9696,215.28711,1195.6221
417.3858,116.8569,661.22505
739.2168,202.18851,1145.86434
616.7241,168.812235,836.37027
340.3593,80.174295,447.52032
372.5694,47.711835,308.18052
295.2882,31.12893,262.67553
353.9646,49.764375,369.37431
351.054,69.978555,436.09329
422.6895,71.863785,509.64543
224.3331,23.29551,187.71858
343.4706,70.56054,468.70587
136.2663,8.878455,92.27412
247.8051,30.382245,234.03519
87.2928,26.477775,98.80686
242.8668,56.67228,302.81823
372.1005,74.96055,379.05732
282.3021,51.96177,308.09727
331.1667,58.686075,339.99579
122.508,28.284795,149.93109
339.9831,74.44845,414.1044
945.9783,195.857325,1164.55374
1549.1115,276.347205,1635.71526
296.0712,63.63198,380.69658
392.4657,31.20453,261.07047
317.9943,42.906195,270.02763
47.4822,17.816895,5.14134
130.1364,36.64683,63.31905
90.6237,29.13273,31.9239
158.706,42.48036,86.60979
590.1687,134.012655,328.43736
560.2734,114.01614,454.49514
881.334,192.6396,682.9884
644.4351,143.882865,590.84568
907.6266,171.010665,643.51836
277.3872,58.0077,193.47462
359.307,81.111735,333.12978
685.3743,157.39776,613.18341
14.0841,5.824845,0.86337
32.265,14.40729,0.945
1100.3886,267.39666,866.67948
33.9903,9.600255,13.25052
33.5394,14.53104,1.26729
273.6747,88.394265,50.36562
1051.0614,256.559445,808.89795
743.1606,196.55037,552.06
1783.6416,380.19285,1714.74012
943.2135,197.125695,834.09372
416.5002,90.416475,275.07429
202.905,70.704405,84.38652
270.6561,46.308015,168.61374
371.6856,101.068515,277.5267
176.5404,47.09097,124.76484
290.5443,72.636525,243.62739
496.8477,105.58593,464.91939
795.2382,112.023405,573.85944
178.0911,57.072555,126.90846
242.4942,74.359935,219.29652
300.9132,82.819125,320.27454
259.4466,68.58306,285.30765
487.8531,90.612675,377.64108
740.8746,210.81645,681.72129
797.5899,157.331565,353.30148
1501.2873,178.476345,560.43765
1000.8675,174.763395,551.31804
761.9472,145.39086,603.09837
725.7717,156.836385,532.30662
98.7471,30.051675,29.85813
395.55,86.265,240.48018
766.8936,135.736605,553.72617
183.1356,42.93963,114.30522
24.7734,3.586185,8.44308
587.6757,119.530575,329.57145
996.2325,207.17595,938.43837
1151.7426,230.112495,855.8091
663.4089,129.551355,527.38173
827.1684,157.2021,742.23792
1058.8365,172.700685,879.82965
1060.4007,189.6165,826.37154
167.9436,49.07925,93.66417
1008.2817,159.80967,372.88944
605.988,107.6562,400.18905
106.713,37.93554,41.41899
926.5617,164.14002,716.92965
621.0513,148.237065,548.41734
734.9931,169.868025,542.11572
1168.5645,265.08258,1134.77922
1244.4201,279.74772,794.20212
963.3447,208.03626,861.67251
844.6347,198.058005,832.43844
938.5848,180.162585,709.16193
461.8422,125.336385,389.31786
346.1472,92.500965,312.8373
884.6667,127.457955,547.38513
337.4892,80.52336,365.82156
445.6782,115.081425,487.23885
498.2895,130.00374,512.31807
466.074,115.855605,490.95207
595.3392,126.820215,546.07239
510.8247,128.66301,509.74479
437.1831,107.29737,389.80332
820.7244,195.64659,804.14946
112.2939,35.770815,66.89943
845.0271,186.614055,730.27539
595.3482,141.402825,593.47584
841.4901,147.073995,617.5359
1013.9589,229.357395,902.00583
664.9038,155.602575,616.93146
557.433,120.34494,339.98832
892.0143,179.2305,675.86148
864.7704,176.71581,627.09165
912.8583,163.300995,737.33292
654.0552,156.63303,531.5625
382.8411,92.693565,352.98315
740.8917,146.933775,719.00316
971.7885,221.069295,932.25249
496.575,155.43162,318.0726
293.7663,95.65074,197.64
422.4015,123.922215,319.01625
875.9376,197.6292,843.52176
607.7925,159.556185,603.40707
1253.2311,246.838725,1125.64134
850.1634,221.581485,859.73058
778.7925,169.10595,696.95775
925.416,179.216145,815.72022
895.3857,216.51957,906.07257
821.9997,141.956415,709.83783
532.287,134.81658,558.51543
321.3288,85.187655,226.16226
721.8423,158.2281,659.82285
502.2153,109.96191,454.53501
312.5241,65.66112,266.80374
593.4285,142.077285,521.60157
806.067,188.165385,748.02987
608.4495,141.995565,551.90268
505.4292,114.69042,487.59201
442.1763,101.678535,387.33912
709.2171,160.10865,613.41498
566.6598,133.5888,527.2911
799.7013,207.749925,696.51468
560.5605,135.78894,530.5689
544.8276,135.31059,542.02878
744.5106,189.50949,726.71895
406.3365,93.839805,392.44455
640.1898,155.995335,620.26839
539.2656,123.54921,522.58356
534.0132,128.34108,499.29849
643.4154,139.09176,532.23039
1363.6485,182.920095,758.18511
814.7115,177.487785,744.74136
481.3461,104.62545,437.93505
1267.9326,200.786355,762.04611
532.5543,118.78641,471.51999
701.1486,162.376515,608.34843
732.1833,207.843705,677.22336
422.6553,113.79969,452.31858
966.8934,265.19949,1047.03489
819.7398,213.03,899.92368
493.0461,128.389815,548.38728
663.3216,168.55155,715.99023
854.2458,215.584065,885.76317
549.1728,139.74048,540.73386
663.9705,171.68715,660.46365
97.6068,42.071985,30.82239
74.6055,28.77174,35.10864
96.3216,43.97706,24.64884
125.3646,48.83148,36.35037
25.884,9.69903,14.72823
121.6161,37.552815,65.57094
705.4695,211.180815,648.12591
398.1717,99.215145,364.71006
458.3871,120.284955,416.21571
432.3744,117.155385,446.99427
418.779,135.270765,375.16338
510.5313,113.01597,529.41852
184.0716,57.121605,136.82484
35.3196,12.369735,26.52552
30.7368,10.41066,24.34887
29.1699,11.00259,18.89118
604.7919,156.380265,711.12816
599.1786,160.16238,719.11791
364.8195,96.50412,445.41531
614.0727,165.432735,744.2739
543.9888,147.113055,568.91961
26.1846,9.891945,14.81004
26.4312,10.075905,13.22829
13.2372,5.113575,4.70925
38.2527,15.508035,17.38368
23.9067,7.612875,19.45782
282.6657,84.049875,248.07141
300.6819,73.576575,343.7829
485.9136,91.504845,499.04181
356.814,24.8256,162.59904
665.8398,86.40252,509.26131
374.7915,69.33483,355.90914
639.2961,139.2408,745.6338
638.2503,104.95521,621.58347
475.9974,119.839185,574.60041
289.0701,75.125205,301.24899
135.6939,27.19998,44.17947
47.403,18.140625,33.89868
15.174,5.96385,10.09935
52.1442,19.094445,41.83281
332.4879,95.992785,359.3322
627.5799,163.67688,753.78843
829.6479,160.064235,758.93796
329.7114,89.780625,389.06811
251.613,61.481115,270.57384
681.4062,164.781765,719.78535
94.1436,30.18663,64.6083
30.2247,10.864485,14.02632
35.1441,12.594915,17.0928
130.5198,35.26317,111.213
617.0211,145.38888,549.69552
337.5873,83.46969,343.6812
913.2345,227.20365,1021.52322
604.4823,145.449585,657.72936
857.7495,139.24935,610.56333
60.723,13.54617,43.82739
71.0019,21.048975,55.01151
176.9562,40.397355,126.15795
490.9869,121.674195,536.25609
254.763,56.64366,220.74381
76.8906,27.075645,51.25554
34.6869,12.602115,20.06298
61.3683,18.446895,46.54908
51.6519,18.355815,25.04628
193.7178,54.15795,196.69824
236.079,61.956765,259.08192
666.6282,167.549265,686.91645
447.813,110.266875,518.28111
526.0311,131.30928,577.19871
391.5396,89.380665,364.16331
681.5619,147.30858,558.37395
511.4475,134.229195,515.90151
29.8431,11.05578,14.14845
44.9928,13.429125,28.10583
59.8599,19.019025,47.20104
117.702,37.997055,88.27119
231.7959,51.20568,185.54454
172.6758,46.08252,164.3292
402.2883,109.54917,409.75227
240.7824,64.80459,250.63668
248.9337,69.292665,247.13775
226.494,56.13003,243.47304
163.8405,52.86888,109.5174
436.5801,110.889405,446.71041
335.8476,82.73637,343.70469
335.106,85.768965,304.65288
260.7579,57.35682,225.88605
758.7738,197.630235,739.37997
41.2623,18.834435,15.70581
458.8884,131.527395,545.67675
400.3119,105.95817,517.38471
421.0281,116.063145,508.31001
648.6237,169.49223,725.8185
299.9529,91.08612,318.13929
102.9591,31.10553,118.38456
204.4953,59.340555,247.94883
194.8554,60.42906,224.181
347.8806,95.783985,448.92036
364.2345,101.08809,464.87196
73.6164,19.29591,66.32451
487.9593,86.13027,513.85167
469.7082,89.1414,500.15349
543.3111,47.984355,325.22895
44.4231,12.98079,39.1653
359.8749,73.86696,392.60511
421.9767,124.762275,532.87524
453.0636,125.45091,561.69558
870.966,120.0609,686.58732
1040.0094,244.74339,1329.99327
236.4615,25.809705,141.11208
575.1306,145.77471,748.01187
527.9688,109.22256,569.9142
782.8974,103.70664,575.99892
486.6669,133.365915,693.77859
1038.8736,278.55369,1495.81467
445.6953,126.908955,632.25738
672.588,128.368485,778.21605
988.3179,282.299625,1414.2141
332.0847,98.26848,345.96648
450.8424,126.513765,520.59168
614.2635,164.517885,656.46009
435.5577,121.275225,499.77486
379.5471,108.175455,428.42754
485.0235,136.61091,575.64945
729.144,199.53378,868.46724
694.8495,192.08187,834.02172
936.4698,258.430635,1129.98186
610.3503,85.050135,505.69542
804.2058,211.950675,993.94578
660.1626,165.88098,929.39742
750.2049,183.818745,1041.9903
355.8663,35.17506,259.2927
615.9015,112.95432,696.84597
1185.4386,314.375175,1664.5536
687.1023,186.63453,980.76213
513.1845,144.193095,712.13562
786.6369,227.82384,1117.47915
153.72,51.83838,137.37294
602.3772,169.772625,748.58877
536.5782,140.0139,699.14907
549.0585,148.89186,700.19622
568.5183,162.82989,725.89518
478.4868,139.797675,603.20646
668.9214,185.697585,868.58082
814.9347,225.46143,1000.88964
568.1655,159.017355,694.12671
473.0625,140.36715,601.33572
558.2925,144.12105,628.94358
478.3554,130.264965,650.84589
659.3427,189.76185,879.85764
546.5979,158.443785,752.99634
787.5171,223.214085,1172.10708
640.8027,150.182325,790.47369
936.2457,213.922665,1169.26308
733.383,170.39241,843.10227
448.7445,120.050415,607.29417
607.7655,172.00071,870.91893
609.2982,130.361895,577.04103
38.1681,14.663295,8.90415
10.4643,6.22512,0.66969
15.7086,8.83836,2.32407
57.8466,19.613385,17.082
59.6484,12.7953,5.14035
22.8339,9.59976,2.01942
306.3186,73.28862,162.98658
195.2406,57.27582,225.7515
139.6467,30.295305,147.22614
472.0401,104.340915,460.61055
1112.3955,174.23154,887.60646
891.8829,193.713165,1093.62771
659.9106,143.44839,808.80228
13.7124,3.9681,2.06703
50.6313,10.10439,21.9978
20.8935,7.55073,10.64511
6.3936,3.193245,2.91762
774.4932,132.900435,734.44572
535.6152,123.09696,609.46065
49.8267,12.188025,22.45014
92.7891,12.068685,44.54343
734.9265,64.909485,458.5131
530.7201,33.387165,278.4852
447.5556,33.66477,273.83292
451.0665,28.2618,247.4487
758.2212,38.583045,367.95132
892.7046,72.041715,467.54442
30.2373,9.740565,13.02687
31.5936,10.337535,18.53712
115.4799,13.346685,80.10504
48.2382,12.0465,45.7668
640.3644,74.53719,513.80577
341.8146,30.84867,244.32723
354.087,16.355385,174.84102
372.9177,27.36414,227.19429
551.8008,38.256165,351.98649
335.2338,15.9345,183.7314
341.6013,54.886725,338.25339
751.7457,156.771855,1040.42268
603.999,135.401535,802.8702
280.638,64.265715,312.01335
249.8283,59.99679,227.30778
1080.7947,281.097225,1475.48925
791.8614,102.697335,737.68437
603.4122,75.32946,437.77764
461.3328,25.4826,241.70328
481.9167,114.66873,579.10365
1387.224,307.91241,1848.3867
856.4148,181.76355,1105.28811
278.7921,33.68205,213.62544
260.7822,49.185495,243.05283
268.3035,61.810785,250.48404
565.1856,95.34987,617.3415
208.7469,61.517745,326.56842
916.5969,211.20768,1389.54726
1700.1873,355.19157,2263.11579
1089.5949,210.541005,1434.24711
444.3453,112.95747,587.36376
422.0784,103.65822,630.07587
595.9161,102.682305,676.04472
230.499,66.499245,386.52264
458.9082,110.01654,684.25866
507.6522,119.41848,757.48923
767.1537,163.613115,951.91146
229.3488,60.027795,262.5183
432.0333,107.28441,624.10113
922.6323,222.334965,1397.73753
1193.3811,298.092555,1899.38106
389.655,110.27196,664.31412
578.7261,126.36855,757.35837
1001.628,192.68775,1185.23025
759.2616,169.73019,1111.28544
176.1822,42.64974,159.22242
281.9475,59.34627,355.14387
612.2889,120.477375,784.20591
484.8795,59.211045,405.75312
303.3405,31.143915,222.1515
724.6377,147.95559,913.66875
717.7068,129.48255,777.33063
526.2615,134.07561,727.86519
1014.4971,173.83761,1083.81447
473.4945,107.111295,562.80285
453.2328,83.37834,486.61173
544.0626,85.42809,505.50165
261.4815,52.504515,349.78239
359.4087,51.049215,357.22116
381.8583,40.30497,287.01864
608.5584,90.46818,587.90124
506.8917,102.606435,597.078
1768.6611,251.85492,1791.93861
913.2075,172.929105,1136.44962
620.5482,56.22498,452.96748
695.4921,67.31946,560.80332
409.9851,37.237275,318.65796
498.2364,40.9023,359.89047
335.4525,24.12819,230.12802
369.2655,31.15728,281.06307
217.1196,26.83539,203.96268
377.9055,17.11251,205.75755
980.9091,257.54157,1606.25583
730.5345,212.2101,1296.93132
1007.5689,269.419095,1687.46958
290.4885,4.27545,94.74723
13.2813,8.97957,4.6143
50.5458,20.022525,38.34837
155.4138,49.042035,176.84505
66.5001,24.55749,65.74437
79.128,33.592725,88.76997
314.046,85.467105,452.28879
479.9646,126.53766,693.73989
848.9547,146.210985,938.9799
732.3255,177.3882,1153.21338
37.4913,13.58469,46.44351
54.3546,12.18519,59.1993
46.008,17.80893,57.39561
104.427,30.643785,126.78048
251.7183,46.38051,321.13143
534.5361,118.773765,764.03817
411.021,83.444175,568.32993
153.441,14.601375,130.95738
450.9369,103.392315,640.67778
135.1278,45.541395,209.40678
67.6692,23.450265,59.4855
563.3514,134.185725,922.11642
487.5876,101.69334,702.21114
47.2536,11.831985,73.02852
78.3486,24.06537,99.61299
26.1126,11.40759,29.78136
32.355,13.671495,46.39266
29.736,16.17552,42.89058
11.9187,2.85084,15.50709
527.2776,134.67339,888.48342
630.7902,177.455925,1161.76563
216.0351,46.116495,312.60609
461.808,101.650725,670.07664
382.7052,108.95553,700.70517
555.3819,147.65913,902.0664
426.7566,127.09467,787.94622
37.8432,16.37181,57.55725
58.0482,18.068085,94.69107
25.5411,7.89561,38.97882
292.5324,55.20924,380.53107
482.5269,102.487365,719.7723
499.1445,89.95158,655.66683
368.4294,81.752805,574.29279
284.1219,24.319935,237.93831
380.2419,64.62981,491.91282
208.6695,19.99647,186.33339
310.8933,78.015015,544.02012
404.3601,110.90286,705.71358
78.7311,18.052695,113.61996
103.7997,20.64474,111.47841
44.5383,11.578905,76.47498
501.9021,101.73213,681.43239
567.9144,135.859995,876.58488
374.9283,92.380275,573.81192
696.6927,95.862555,700.35795
475.2954,123.775695,786.68676
499.716,74.061675,486.23292
167.4576,45.28242,172.00926
795.9321,165.754665,1084.96998
432.4365,103.28346,667.791
843.4188,157.515345,1017.11313
723.8835,170.57169,1106.28414
392.5872,98.10522,632.9241
1018.8576,159.268905,1162.79091
653.715,91.31949,663.64281
234.6966,47.260665,298.3437
334.6848,43.316235,293.16357
10.0485,1.057725,8.89236
680.7384,83.853675,641.42496
466.8156,43.7715,382.91895
146.7117,35.15778,203.3217
380.9691,103.08861,606.54321
534.654,126.45522,809.49915
443.421,70.853715,484.10955
583.4133,53.012745,426.81735
478.9278,112.337955,727.78896
108.9981,24.945255,113.49702
210.1842,45.73503,255.83859
550.4526,115.69401,794.50632
286.3026,62.638695,401.3271
322.3746,58.45239,403.87023
145.5606,44.03538,261.3474
196.3287,43.08894,283.8087
233.4348,31.204395,247.93119
111.7692,8.088075,86.68683
270.0801,55.134225,372.99744
392.7213,30.19626,244.57014
386.5104,83.32857,547.10055
313.0002,81.73764,483.45759
484.8552,119.38194,760.7943
399.8016,84.55815,568.98297
153.1872,11.469645,105.99588
405.7911,102.137625,672.78618
222.0759,52.733565,377.6661
365.3973,85.19013,569.48688
207.8748,41.074785,280.49607
177.4701,51.118065,329.63958
352.8396,63.20583,465.71067
117.9945,28.120815,118.06893
196.0389,28.210005,199.32822
799.9506,43.76448,441.16956
330.1749,48.37464,342.17343
437.3181,70.56279,488.33253
264.8484,20.782035,203.9445
244.8486,39.47751,280.44405
159.9714,17.90163,151.98228
314.8794,45.840195,359.37126
297.7758,26.599725,253.83942
218.7873,15.60699,168.91452
333.9171,36.83916,282.61314
99.3438,36.748845,142.14825
363.5631,91.83546,610.46865
586.7793,106.52454,724.21605
81.3015,22.99329,110.40777
380.4768,90.23355,585.40869
129.7773,16.98831,101.79495
215.8479,24.305895,189.4158
258.5637,37.44207,295.79157
198.1638,34.090155,245.22831
229.3758,23.869845,203.4396
131.4225,9.763875,94.05657
528.2037,56.778615,478.52487
459.6597,45.20079,383.90283
16.7922,13.06728,3.21219
7.209,5.84775,2.36583
27.6102,15.88644,13.33521
24.8958,20.676285,20.62125
132.4845,83.859615,168.00354
90.9864,43.252425,108.62568
164.2131,73.70172,141.90138
178.5447,89.28522,294.94224
275.4702,71.33436,224.97615
245.2365,54.19017,340.07661
261.2133,90.73476,400.4046
91.9989,23.10435,114.04773
104.3064,26.03853,121.7664
193.5891,41.57784,239.77629
215.9208,32.826555,243.6075
223.9794,28.271295,227.16387
255.5406,49.77378,358.24572
254.3814,27.41967,230.46399
165.5235,18.151065,162.40986
270.1566,43.479135,320.7879
310.1904,70.45983,430.3827
12.5118,7.050015,7.08894
12.0168,10.581795,8.25228
55.3797,18.200205,17.49168
97.2648,53.511435,39.3111
95.2236,58.507785,86.04774
10.0818,3.293145,5.00634
28.6326,26.434125,23.5134
25.8444,16.123725,31.45698
30.033,19.785015,35.03367
108.6228,39.838185,73.93095
199.4931,51.06843,198.67347
192.6558,38.03121,118.20024
51.84,19.06128,31.43997
79.2441,16.29738,23.8644
56.0835,16.928235,49.37337
186.8382,62.694,209.56968
115.9884,52.34625,159.70419
114.8517,41.411475,128.46267
12.4713,2.322945,9.02034
38.4408,30.41883,20.98881
281.3157,169.878105,305.12745
246.8925,129.79629,197.70318
233.8047,87.544125,350.17272
152.0289,53.91342,261.16281
75.2139,36.3771,87.63498
26.7543,16.48719,35.01234
338.4198,102.838275,461.46231
627.984,147.0717,918.22608
305.5608,94.37373,571.42566
166.1526,56.2473,296.60463
255.5541,70.447545,448.41951
18.5823,9.51588,15.30288
23.607,14.346,31.1445
144.981,49.76856,247.31784
161.1288,73.70883,357.88806
342.6615,185.74668,1190.28069
330.5943,164.01051,1021.17591
560.5488,186.13467,1262.73123
645.1965,287.80776,1864.81107
179.7606,85.773375,465.85899
111.0825,65.714715,306.28368
334.8009,132.356025,799.00272
402.4935,96.23088,679.41378
360.1305,112.39389,775.26018
221.7474,38.157075,312.11865
35.9262,13.325265,16.39413
129.8871,26.620875,121.44294
315.2061,84.67713,467.61174
193.0221,20.51892,181.03545
387.2214,63.554445,487.12392
302.3568,39.655485,325.60614
207.396,29.28753,223.81956
216.3924,61.72416,320.06493
294.4953,101.904975,421.38387
185.5566,79.42131,295.55937
432.6354,133.35975,742.1589
431.4249,85.57353,573.09237
232.8633,38.512845,293.15736
60.1191,16.142715,58.7322
268.2909,46.17693,305.9721
206.0253,20.20833,169.56639
232.9101,27.873135,227.96397
338.9553,64.254375,449.57313
137.2455,20.434365,147.98565
93.924,18.78363,108.02961
260.8884,59.048775,372.31533
88.4313,27.630135,116.96382
317.2779,77.768415,461.3238
98.4708,13.863015,108.60525
356.0454,113.453145,646.92423
60.6672,25.323885,71.86725
329.6943,47.991195,401.72535
367.9317,45.482985,381.66129
209.8422,35.45199,259.41915
232.4637,28.50858,254.23713
721.2636,59.215545,472.23072
181.5093,57.42297,277.29306
261.4482,63.94374,427.51719
237.0708,70.022835,463.04478
430.7553,102.340665,757.32444
256.3317,82.194975,389.95749
283.8168,57.598605,395.14203
154.8216,30.104685,209.34792
341.8974,46.88127,381.29571
97.5141,10.37025,96.92325
99.3492,10.735245,94.43475
754.2549,151.018335,1055.62557
329.9706,63.28296,433.27332
584.4195,341.05365,485.05707
484.5303,212.48946,451.24479
63.909,22.068585,80.70453
156.3552,64.09998,178.68321
306.2943,52.97094,301.30101
89.9982,42.04539,92.34603
121.8015,56.151315,227.17566
174.5604,42.894495,255.40101
252.3645,85.000905,465.15114
226.4148,84.353985,368.38638
64.9845,21.31434,90.49428
111.5892,20.034225,125.15571
151.4331,40.31964,243.56979
185.5764,26.7858,205.20837
249.588,74.666655,484.16544
96.642,37.272555,219.36492
142.6545,50.08356,272.9358
212.0562,80.628885,467.71929
202.0644,86.73885,478.476
237.9375,53.54577,360.47664
207.3105,59.45319,428.47911
496.5822,154.552365,1082.52054
308.3562,69.974775,523.26864
317.4498,49.08681,402.69033
244.1754,69.244965,486.98325
347.5494,132.66333,851.00112
608.0112,156.31641,1046.28276
23.5863,7.19802,17.49564
93.8196,32.59467,125.41059
34.6437,18.77598,41.23566
70.8894,26.930205,106.92612
385.5969,96.77736,648.21564
396.1449,112.263525,782.18082
434.6568,68.97357,555.95268
332.1981,41.538735,357.13782
425.8359,43.516395,403.97076
224.5851,21.078765,187.87509
8.2404,4.37274,10.64214
11.4336,6.04413,16.16805
18.2682,9.4788,26.78211
14.9625,8.756325,18.88065
49.4145,17.289495,101.82942
298.5642,78.29829,501.27687
165.5298,36.15255,268.0551
307.8693,50.50539,348.23691
638.0658,101.555055,774.74025
273.1491,44.777385,330.30441
304.7229,43.2945,356.91426
186.3702,24.08391,192.00042
158.1804,6.62409,95.89383
149.508,10.201185,111.771
244.6848,52.0803,368.80929
236.5533,43.111485,324.35937
212.9427,50.20506,356.78304
53.352,10.63494,51.86826
54.8541,9.91341,44.09478
96.0525,19.74474,136.81044
230.8419,21.262815,218.0016
519.9957,62.09442,524.19213
123.7185,19.183725,157.69296
209.9493,35.78013,269.41905
16.731,15.049215,32.53797
59.0022,27.257625,136.28736
82.7631,37.03023,230.21307
383.922,111.33468,768.69558
97.2297,31.104225,122.01588
246.6846,51.421815,402.66081
317.0511,68.1138,556.56783
83.8611,22.24611,135.71685
457.2396,115.29468,739.31175
298.3284,81.479565,613.94535
472.2597,118.193175,889.52463
263.9772,49.06008,410.05944
173.3409,66.157605,376.38324
188.6094,71.09829,447.33699
235.2717,90.20709,555.90147
428.0652,105.83946,727.992
646.9434,180.761985,1254.08142
75.5163,45.38385,169.6788
107.6859,36.306,241.43247
205.4241,35.57259,276.88239
207.756,54.003825,389.39742
487.2717,108.14364,841.02525
177.6051,53.52021,362.22471
258.1434,64.36674,435.85083
325.2384,43.6158,340.32825
281.862,52.357275,398.71953
308.7459,59.169735,443.12976
300.5325,34.08579,299.86137
170.0793,14.21037,152.58366
197.8839,12.565665,142.7337
214.299,14.19399,157.37157
335.2194,29.23389,309.01644
165.1131,23.56074,201.57849
342.1224,32.775435,289.82223
439.7832,66.62601,531.56457
323.6031,53.172675,394.14519
354.1545,65.02887,477.44649
192.2769,47.517525,307.00197
280.89,25.69545,247.08978
192.3318,48.971565,324.21087
284.3001,68.18634,463.80321
310.9635,31.681665,273.64194
554.8689,113.96484,876.07233
480.6927,35.369505,354.16665
225.3033,10.2735,140.86143
183.5307,14.46768,149.61123
322.9857,18.38475,207.60165
318.8376,60.50997,464.42106
545.508,45.55854,477.31707
221.0913,18.95058,186.98022
636.7032,44.875485,451.73601
481.0653,24.7257,262.40202
746.0217,240.59799,1624.06251
315.6741,53.988255,436.87872
348.4233,82.806705,594.67518
293.2407,70.78572,490.12533
175.3848,17.202015,175.39317
62.3259,17.876925,115.01289
373.6224,126.341865,897.07734
426.5505,151.565895,1076.98365
381.789,87.79878,708.54408
301.5639,67.68171,523.87191
378.3231,68.191965,547.87788
342.9234,44.311005,358.74
57.951,13.44942,99.19665
77.7267,41.21928,172.65942
41.5395,23.62284,106.52859
146.8296,69.127965,461.48022
97.8714,52.985295,269.8713
32.3343,13.68459,89.44425
30.1617,13.55859,71.6463
70.8669,22.114395,162.09783
36.0657,18.70947,123.75405
5.9508,0,0
476.6481,103.361085,797.34267
25.7985,3.823515,39.54177
223.1577,62.6256,485.1036
362.934,192.61827,1300.13802
208.2033,71.886465,519.06384
195.7572,112.778865,721.59705
167.0022,50.420115,392.75604
138.2238,22.283685,222.40683
287.964,84.67857,610.37928
186.8004,70.02864,488.24262
92.826,12.22758,138.6126
131.1912,64.957545,442.98963
265.6728,117.675315,822.09213
103.7637,54.758295,362.07288
76.8258,12.48759,134.8074
165.2031,12.215115,195.54444
671.2776,113.97006,755.08992
674.8317,129.491955,872.70471
10.0341,3.026655,1.31247
34.092,11.22822,26.17848
74.4003,24.527025,56.48418
109.7145,42.80976,139.7781
119.8818,46.65897,158.25681
78.3882,23.961915,78.44058
162.7947,44.40411,240.0264
441.5625,92.871855,632.24928
406.6056,122.66145,777.94263
353.3058,112.790025,508.96359
389.2788,84.368655,508.63095
351.1116,43.76052,336.15918
431.8812,105.96447,638.23743
679.7682,166.109715,1087.40421
731.745,180.081675,1172.91195
438.6861,135.001395,838.50084
368.8974,70.78995,489.5154
244.6425,75.34017,451.79829
372.4641,107.014185,688.29651
491.7618,137.574,899.0721
336.807,105.31134,679.26357
648.972,104.747535,713.25198
445.2552,108.66456,730.13598
422.8659,45.466335,376.23645
330.2973,8.23293,120.18753
562.0977,87.76305,632.97828
434.8584,116.89236,786.22857
526.0446,100.98045,698.18481
562.2327,66.087045,481.08825
595.5264,54.413865,431.39088
414.6714,38.0286,302.8599
582.1956,28.67715,298.98594
507.3417,45.660105,385.22421
337.167,52.99803,380.36727
684.4986,66.268125,576.86526
549.1647,68.81553,555.22485
21.2688,11.433375,13.64463
22.1715,12.977775,11.2644
37.224,21.65859,19.75896
43.038,27.346275,9.03429
38.4579,22.272525,20.54466
167.3271,55.445895,219.45006
124.3233,42.122655,182.18421
179.406,67.667265,256.53546
99.0369,38.262645,139.86981
371.016,131.867955,529.12485
158.7465,60.34419,227.18079
364.8753,99.771975,604.99233
202.6971,57.74427,312.86205
187.8201,55.606635,354.45825
120.3678,39.26331,183.0996
207.0945,57.42288,287.07723
307.0962,84.97872,465.72372
360.1647,91.55349,552.63114
241.3395,73.788525,372.42828
724.0302,190.671075,1221.02793
46.1043,15.78717,76.94469
119.2833,36.242685,237.49992
130.8231,40.075605,248.91201
147.357,47.64204,297.02457
425.5281,117.12897,802.152
418.2336,122.8644,826.79094
41.6439,5.159385,21.24819
25.5159,3.98466,21.91743
245.9412,44.21646,313.21485
181.7829,29.748285,213.33708
194.1876,25.061985,194.88249
171.0738,50.341905,312.67512
250.9128,62.19864,438.56244
98.5923,34.888995,183.48201
472.6539,144.085365,968.37408
437.0994,82.22265,615.40443
382.7601,63.239175,492.37308
394.4295,65.047095,509.84433
231.0012,71.62857,342.8613
168.8112,46.159245,291.35736
628.2657,157.42431,1059.05286
203.463,65.393595,312.80202
164.8098,46.356975,245.30508
251.8956,68.45436,381.68946
217.7397,68.257665,286.92009
367.3485,93.63348,581.99877
304.857,73.19349,454.88988
545.4693,129.190095,855.97686
354.384,77.714685,536.96691
460.9359,97.25859,664.55307
292.6755,17.911305,146.87127
319.7394,13.82733,141.40008
733.203,144.05706,910.19862
327.1221,43.50069,225.09711
426.132,49.028985,367.20549
183.8718,14.4405,128.64852
439.6293,40.240935,309.89673
362.9709,17.1342,148.77738
787.7844,114.59331,853.85133
561.8223,101.398365,706.18644
213.3099,56.763945,285.28758
402.3378,108.73251,737.28405
365.4243,87.402195,587.646
206.9073,53.66763,347.88231
377.5599,82.512045,533.43207
127.2942,38.656665,229.87197
378.8352,111.78459,743.22234
320.3406,81.44262,547.22259
525.6432,145.07325,983.67084
255.4785,78.5583,515.69325
247.9356,62.30394,339.10659
140.2974,22.666365,135.97839
125.7219,35.69688,210.36348
51.102,2.595105,26.28495
345.339,79.908435,533.21562
248.2794,66.90609,459.14841
188.1639,50.936175,305.25732
218.6334,23.566545,198.95328
193.5918,9.717705,108.02223
211.7295,15.804495,156.70143
158.8023,38.993445,232.30386
172.0296,48.04371,264.13191
265.941,67.989915,407.35521
309.573,81.94437,511.07328
651.5046,146.972025,982.24038
407.3409,91.692675,628.11819
380.4849,89.19549,591.93405
449.5473,104.62779,710.18622
315.027,81.75177,548.98335
487.1754,107.908875,706.38309
448.1262,134.1675,806.03451
157.3722,46.614195,259.52103
798.5196,221.411385,1462.16538
289.6308,57.522285,383.68665
127.8963,36.057555,239.50377
119.8314,27.901125,182.09934
363.4659,106.53741,661.85676
177.3918,54.53028,358.91163
495.0423,121.9167,847.22076
217.1322,62.17929,433.34622
143.7714,43.315875,290.56122
220.3632,59.03901,405.90459
165.7872,33.858225,242.68266
161.3916,29.674845,220.05774
232.9416,48.375135,347.54886
228.8952,26.347815,213.60492
355.4226,92.358225,592.70805
160.9362,38.524815,235.19511
475.3746,124.885305,837.51048
337.7142,88.890525,587.06919
462.0681,107.549235,741.9645
113.5269,27.92907,172.86372
184.6179,40.299345,240.62337
561.7287,131.318595,869.40846
784.7145,110.490435,811.33092
244.3131,55.2519,369.56259
534.7368,129.39597,887.78835
633.3399,147.75075,998.23068
526.7331,38.810835,338.58297
191.6739,26.050995,167.05917
177.3036,49.00005,322.25931
108.2223,11.72484,84.58389
242.3808,27.629235,194.83758
157.1859,7.83603,71.82837
103.4271,16.88193,115.82541
82.386,10.868175,68.34339
29.8413,2.0475,12.96027
341.964,61.633215,402.69474
275.9292,60.090705,414.12762
670.2255,65.32497,536.19822
582.4926,56.20572,454.85892
361.2303,63.10908,457.25157
533.7324,148.220955,949.01886
815.7375,216.66258,1497.02553
449.7867,111.987495,773.4231
0,0,0
111.0321,5.09247,38.59245
33.7113,0.980955,6.70662
83.1798,4.28625,30.88242
1.4211,0.0234,0.46377
58.6566,3.86757,28.8189
0,0,0
1.638,0.00072,0.14022
11.25,0.215325,1.38906
0,0,0
0,0,0
0,0,0
0,0,0
61.8615,0.603045,8.00055
99.8001,4.93614,43.43049
22.8852,0.26469,2.35737
32.589,0.700785,7.06545
0,0,0
0,0,0
0,0,0
0,0,0
0,0,0
0,0,0
0,0,0
0,0,0
0,0,0
0,0,0
0,0,0
0,0,0
0.8901,0.01233,0.16074
1.5975,0.00432,0.03033
309.132,71.297235,403.15068
76.3317,1.733805,16.14699
139.6044,7.760655,66.57534
138.6585,27.857025,191.65806
496.9845,71.58816,508.37112
288.2151,33.945615,236.7378
129.3147,20.08215,141.60321
58.0113,13.44888,87.21117
65.8944,4.685805,36.88119
165.906,9.037755,74.33325
36.2331,4.28427,32.4342
36.5589,7.74261,48.31263
176.2758,32.87988,220.5396
73.9989,18.213975,117.16389
142.3332,16.17804,125.95356
53.8443,8.772525,60.86817
294.2613,26.647065,227.44764
49.8303,17.46558,57.3093
17.8569,7.84413,15.56973
199.5318,55.817775,308.65077
110.9448,21.70719,145.86156
60.5646,19.90233,77.37228
72.5985,19.132425,79.60959
314.7084,58.124205,445.21533
175.2417,41.16078,291.95901
194.7249,45.30312,316.44567
286.965,68.83434,444.16755
75.7701,18.853785,94.24206
256.86,52.273395,376.81254
417.186,77.66532,575.45109
502.0092,100.789155,742.96458
248.7789,68.78673,396.25551
203.6691,40.93749,264.78117
418.0302,112.006215,741.87828
383.0535,54.36171,419.51898
316.7667,51.523155,390.34791
361.2789,55.27701,425.78901
303.21,41.109615,323.39268
377.3862,52.18047,419.51637
268.1577,48.14847,369.54486
300.456,53.95869,401.30163
228.3102,44.920395,331.45515
321.5961,49.0536,378.26919
196.1334,12.388545,129.60387
199.9557,47.432295,320.0031
327.7728,101.13309,635.24376
199.1088,58.29714,378.67005
177.246,45.340425,310.40487
210.4506,45.71226,331.29774
216.9081,44.254485,323.04492
311.9544,34.43634,290.40534
457.4457,97.678395,712.93068
545.6025,108.62109,824.21451
463.1085,119.59461,855.84951
394.0461,84.71727,611.91009
405.135,72.58221,563.39262
320.7474,58.65867,446.64192
235.5507,45.061965,321.53211
215.5698,40.02093,303.15753
140.0463,24.772095,151.45902
121.6404,17.872965,136.67985
191.034,21.157965,175.48074
100.3806,24.19263,152.69121
269.901,45.90684,350.6769
336.3993,70.174035,504.08109
208.4778,26.063235,205.5483
293.2875,52.68735,388.0557
307.5678,46.94724,354.492
423.2628,65.94336,498.0834
452.4066,85.243905,573.75945
270.1395,70.056765,501.74478
202.1967,40.966875,312.21486
181.3158,36.360405,270.01062
196.3125,47.98395,340.18443
230.4594,26.11962,225.75384
203.2398,23.24583,202.69071
362.979,66.316905,496.56933
212.5107,49.77036,321.33528
227.5362,46.43739,349.54956
197.6292,33.52869,261.0117
106.5843,14.40972,108.52056
216.3411,30.62997,243.90333
194.0004,26.930205,215.99739
298.5111,29.511765,265.35006
188.0046,16.180515,157.03812
200.1654,10.869975,132.30189
94.401,9.47691,81.89163
443.5902,34.53327,363.91635
238.0635,19.136475,191.47689
257.3964,24.52311,234.53433
65.9448,5.750955,54.4923
122.1372,24.043005,185.1129
95.877,15.09579,119.97549
288.594,51.36498,376.84161
254.2986,52.258635,386.32257
282.4677,24.931755,238.68468
226.2231,34.89453,265.41144
314.8767,63.547425,469.78344
409.9014,64.155555,491.60277
408.9402,50.546115,427.03083
330.1767,28.77129,259.70526
257.0391,39.93921,311.8986
241.4781,32.497065,256.04145
403.0047,61.29009,478.07073
232.938,32.925195,271.98378
11.0214,2.372445,16.97922
2.8782,0.583605,4.36689
17.1108,3.46221,24.72453
8.1099,1.118295,8.87418
204.9912,24.26724,118.16487
10.3878,0.675945,4.84407
40.9149,8.203455,57.85011
72.5031,15.004305,105.69258
236.2428,54.96876,383.09634
263.8512,64.20906,456.13071
130.9356,40.06584,229.65507
252.4437,23.366385,178.62597
135.1872,36.227745,235.91196
164.4165,30.835575,202.91562
221.4891,65.562525,368.18676
147.2148,35.882775,220.84047
111.9105,27.23652,200.15046
281.7522,95.84739,603.46485
318.9672,83.64735,601.62795
395.5437,105.99309,750.30948
223.0614,55.74069,400.80789
241.9713,32.748075,223.30899
311.4207,68.813505,458.05005
123.2595,29.390625,138.75948
235.7523,30.36267,191.8899
123.6564,22.79367,129.51036
138.978,25.119495,176.103
146.8125,18.9468,139.07385
193.9788,30.278115,234.30591
327.483,56.85678,426.37068
200.1276,32.76171,249.69168
230.4045,14.869125,93.33234
536.2371,83.02779,594.01152
187.3107,29.70999,228.55752
210.4623,20.956095,190.66383
270.8739,46.771245,371.59083
434.5065,60.844545,504.60048
207.0234,53.805825,334.3626
120.0456,17.07525,120.29967
245.5065,20.060415,142.77708
230.958,17.75934,178.79301
161.4537,14.901075,139.41936
229.5477,24.24321,200.09313
115.2702,7.559235,67.80024
414.3645,66.523545,533.29725
263.9664,32.52843,277.12737
137.5731,18.79128,154.395
69.9561,6.6222,55.50426
39.4596,1.196595,11.07891
123.6915,8.698185,64.96074
498.7206,47.70027,350.31501
196.0938,33.796305,256.96953
46.0818,1.11762,11.36079
296.7174,32.727375,316.69101
215.1369,22.492755,231.9984
294.3972,36.42561,345.17331
231.7464,33.66504,291.30273
511.4097,66.03534,631.67904
212.6196,32.088375,283.48956
195.9138,19.032075,216.31473
134.8101,28.57626,234.03438
494.3277,74.16063,680.26437
74.6208,8.9991,90.45333
147.0735,19.11699,162.15912
198.297,25.584525,211.24296
204.57,29.14074,238.80195
208.5669,43.015635,331.794
161.3538,19.16334,177.65838
118.0728,22.465755,179.21286
290.8638,67.307895,519.49926
148.2237,25.308765,219.39507
429.0057,49.047975,366.57207
296.4429,28.22778,223.67709
181.4328,29.065005,217.31985
156.7971,19.152855,145.24803
75.6882,16.983675,117.43992
238.8654,26.677935,213.53967
318.4758,41.727915,315.93699
513.5454,56.57346,391.54014
199.0881,21.125655,152.63586
388.9278,61.244775,461.15082
176.7438,34.51329,222.08346
249.255,61.54056,411.22791
299.9205,77.128245,506.52333
593.1666,137.979765,986.60448
115.5879,14.02866,133.12341
597.1464,125.50482,898.04376
337.5585,46.37412,356.70087
279.2601,75.764385,509.17554
131.0904,18.90558,163.60659
116.1297,17.19027,143.24787
211.4433,23.85261,229.54077
136.2339,9.756135,119.30679
64.3338,11.326995,95.85432
399.6387,100.960605,715.74651
622.5579,153.139545,1102.11678
134.0064,22.517145,186.67449
188.5707,26.89299,235.89234
211.4604,42.60654,347.12352
602.7786,130.533075,969.1488
852.507,103.49325,875.17404
411.4215,37.99089,378.2799
362.4345,45.93582,464.25267
368.0064,74.43873,627.28236
310.2606,34.32492,369.4923
111.0042,7.65126,45.54621
65.2626,9.94275,77.08797
157.7133,30.557475,199.61217
281.5425,60.50862,414.35937
145.1331,25.35534,174.0852
116.9352,11.259405,88.25733
139.4361,28.408545,197.48835
150.4692,18.94545,152.32131
153.6957,6.11559,58.85073
46.5237,8.54289,60.38901
0.0027,0.00045,0.00324
154.8711,23.45382,173.3238
136.9746,31.30416,208.57986
293.0931,59.19012,430.03071
105.6438,18.363105,147.14586
398.2293,58.999545,486.80352
235.5264,51.5718,398.30517
167.616,6.439635,71.93925
81.2781,0.892305,27.07299
16.7067,0.101205,5.04648
83.8197,1.856835,19.56879
77.4081,5.54103,40.13037
14.5098,0.23769,2.04732
59.1489,2.49903,22.02084
0,0,0
0,0,0
0,0,0
0,0,0
0,0,0
0,0,0
0,0,0
0,0,0
0,0,0
0,0,0
0,0,0
0,0,0
0,0,0
0,0,0
0,0,0
0,0,0
0,0,0
0,0,0
0,0,0
0,0,0
0,0,0
0.8838,0.00207,0.15066
0.5904,0.0009,0.01809
0.2016,0,0.03429
0,0,0
0,0,0
0,0,0
0,0,0
0,0,0
0,0,0
0,0,0
0,0,0
0,0,0
0,0,0
0,0,0
0,0,0
0,0,0
0,0,0
0,0,0
0,0,0
1533.1185,39.641715,622.06191
0.1107,0,0.00234
424.8423,6.00543,137.58246
0,0,0
0,0,0
0,0,0
0,0,0
0,0,0
0,0,0
0,0,0
0,0,0
0,0,0
0,0,0
73.5282,0.200115,25.56981
1843.6527,75.462975,982.57698
0,0,0
0,0,0
0,0,0
0,0,0
0,0,0
0,0,0
0,0,0
0,0,0
0,0,0
0,0,0
0,0,0
0,0,0
0,0,0
0,0,0
0,0,0
0,0,0
0,0,0
0,0,0
0,0,0
13.1931,7.00416,0.33642
9.7128,5.10156,0.31437
17.2116,9.142065,0.21798
147.2391,50.946435,102.7467
128.5362,54.89415,40.48695
68.7456,33.4287,13.80573
117.3123,32.084955,130.68216
395.6274,98.38044,452.58831
482.0247,120.970395,406.46295
140.3874,43.37937,127.24488
375.5457,75.4146,321.52284
476.4465,69.19605,415.4472
550.629,87.88626,450.23355
55.9251,10.923615,52.4259
209.1357,25.591725,171.01593
491.1948,69.99444,408.23514
464.1606,54.749745,404.35065
149.8293,24.35679,75.59937
99.8136,25.06446,95.33574
606.4065,84.531645,421.1856
458.9343,85.07556,468.45981
313.5825,68.328135,347.49126
293.1129,68.194395,365.54229
256.4631,52.63821,273.95145
687.5676,55.2528,361.83303
330.3405,37.29978,229.73949
508.4388,35.813205,280.82637
392.7924,17.297865,160.31277
248.4639,8.93601,92.65194
126.7605,42.38793,98.54586
63.3186,19.77678,58.74435
131.6799,40.09149,117.94329
259.6905,63.70191,316.51272
345.2013,86.761845,393.67773
448.5969,101.493675,583.40844
426.2157,92.31858,540.45891
319.0779,51.613155,335.69964
225.9639,32.73804,201.30255
484.308,49.110975,352.17234
361.2429,61.21926,419.89761
184.2435,47.37996,232.4736
240.75,64.60857,287.56224
432.8262,60.60933,374.9733
549.6975,132.82155,656.73234
253.0881,47.90403,258.99075
39.9852,9.396855,45.6579
716.2335,166.583745,891.26676
532.3464,113.360355,635.4252
532.3446,108.2196,620.38548
762.8418,175.31775,927.48456
409.3659,70.17228,430.51275
541.4409,126.064935,631.5336
319.6017,65.23659,282.42585
115.5051,27.3573,142.85187
1152.0477,46.99413,306.25533
1328.8122,25.715025,174.03372
913.0815,31.69161,210.0312
878.6538,22.7115,141.09561
1480.1418,23.887665,184.79106
1877.9067,14.692095,95.49531
727.344,20.959695,181.50786
957.3876,45.017235,389.82501
617.9652,69.07761,480.00546
801.117,39.852585,307.90476
652.4226,28.791495,286.38162
504.3204,29.659455,233.37612
1110.8034,20.604105,127.36863
185.8851,47.78235,200.26251
559.8459,71.855325,482.46777
479.0691,72.426285,437.96079
418.5117,50.733,348.96141
525.9708,58.73769,425.5407
394.2522,56.534985,334.18233
428.7825,35.89407,278.2017
366.6123,19.047015,168.09345
468.9441,20.75481,227.16801
233.3673,5.429565,73.82106
104.1813,3.094335,35.58609
8829.531,157.526775,863.72397
4088.5092,75.277575,460.56753
3158.6994,70.272,342.3969
4689.2637,114.188985,747.15372
5938.0209,224.17668,1521.87714
921.1887,29.2059,169.02909
644.1912,23.377545,145.24299
1434.7467,40.388175,249.00975
207.1656,10.13472,56.34027
896.4837,15.78195,92.47005
1021.6665,22.93488,139.34376
9014.1039,142.168995,566.58222
571.8861,70.613775,441.02682
202.6512,28.437165,187.05366
207.0333,20.93679,153.60066
402.4773,6.26391,118.40994
282.1743,13.849155,136.85778
229.9833,6.30558,84.40047
316.4598,15.141465,153.48708
154.0449,3.65022,54.67113
501.6267,28.89396,251.73972
167.1381,6.532605,69.06024
347.4756,24.06843,148.51665
81.1971,5.24907,38.30283
160.9623,5.93478,57.21705
338.9121,18.93771,152.05446
578.2347,23.607405,223.18263
509.9688,19.32426,208.16325
316.116,9.04122,104.9058
109.4931,11.731725,8.1657
103.9923,10.243665,22.88133
189.8235,14.05917,31.68684
58.3596,5.86026,7.77996
328.6332,12.44268,60.80688
1383.1614,23.185665,146.07783
1567.3041,20.51451,137.19861
672.5691,30.76137,196.07949
1692.3726,13.21731,79.14717
3709.2249,35.999235,227.69712
2258.3385,55.93932,386.73495
1076.8401,15.7473,72.98235
1543.7196,19.887345,123.74658
4419.0369,72.38286,476.48214
3161.2518,68.0112,473.11785
2961.6759,41.846445,283.2921
798.0255,82.813905,544.13289
781.8264,74.312145,459.612
897.2478,56.457045,390.20778
818.8767,60.119865,396.00738
792.4185,54.24831,322.44786
430.5699,36.580005,223.08066
403.5951,36.73836,248.42907
1720.8513,143.34768,970.81218
5974.677,19.194435,134.17047
229.6755,15.58701,109.03365
0,0,0
3639.2805,124.96896,845.56206
2841.7527,20.59569,144.16335
877.3227,35.583255,248.79069
3788.0271,54.75321,379.73601
5787.7839,43.69824,302.01318
1506.2427,25.90902,179.83242
866.3553,75.92112,468.80595
632.1429,73.165365,464.15457
720.8982,65.581245,453.1428
357.4134,24.1893,162.37809
648.3303,52.039035,346.79709
1143.8478,94.280445,649.64412
553.7277,24.317325,162.91404
4479.0606,106.41033,722.92653
26974.0332,84.913785,588.32973
28346.3343,74.51964,514.24749
42508.1115,0.92772,2.83518
3416.3172,0.93609,6.54003
17284.5558,78.00615,543.53007
31176.6012,38.16297,260.22924
488.7675,53.29764,329.99337
1290.9618,46.953945,302.83623
6559.0974,72.14823,485.03988
1611.495,27.09279,207.95166
926.6958,34.250895,289.97793
431.2791,36.95427,277.78482
1013.2029,92.644335,645.57108
1856.3841,93.036105,633.72348
884.1834,21.6774,141.34536
1154.4714,56.373165,389.10825
626.1912,40.44564,252.91035
15.4521,1.71099,11.6811
410.0157,30.78522,199.21374
68.3397,6.598665,39.91752
0,0,0
584.9478,37.643985,232.19199
333.6174,39.69459,272.06928
278.0019,17.91432,127.95957
138.3741,8.99829,54.69372
345.1266,14.29947,147.60936
438.8166,52.52598,367.56639
880.9794,77.37858,520.95267
452.079,40.52763,308.76138
166.8159,9.593055,82.66419
61.4997,7.813395,31.22001
116.1603,9.754875,66.79557
15.8247,1.718955,11.50875
554.3217,12.85956,75.05397
80.8722,7.07616,48.18501
2.4408,0.3384,2.35674
236.5344,6.40557,44.02971
105.0417,4.470525,30.95496
0,0,0
0.0072,0,0
0,0,0
146.7927,7.769475,54.69489
18.1377,0.487935,3.47211
0,0,0
0,0,0
0,0,0
0,0,0
0,0,0
0,0,0
0,0,0
0,0,0
0,0,0
0,0,0
79.7472,4.907295,33.0273
0,0,0
242.5401,11.92725,70.96878
0,0,0
48.8718,2.40696,16.70076
96.7302,3.669525,25.01253
0,0,0
0,0,0
0,0,0
0,0,0
0,0,0
7.8921,0.01737,0.12159
0,0,0
0,0,0
0,0,0
0,0,0
0,0,0
0,0,0
0,0,0
0,0,0
0,0,0
0,0,0
0,0,0
0,0,0
0,0,0
0,0,0
0,0,0
0,0,0
0,0,0
0,0,0
0,0,0
0,0,0
0,0,0
0,0,0
0,0,0
0,0,0
0,0,0
0,0,0
688.6737,47.72916,201.09267
503.5185,55.120005,252.34542
220.4892,33.481935,110.95425
716.5341,68.347395,397.12878
678.8628,92.07468,478.96506
3123.2853,56.499795,309.73131
367.5933,40.597515,71.09226
784.4517,80.204805,244.07019
1560.9105,161.10405,788.3136
1223.109,60.614505,345.19077
3514.9212,57.64437,385.70994
7994.5227,75.18924,508.35735
4832.775,55.329615,380.71602
1899.6966,89.7156,524.64771
1754.9757,65.052945,435.78828
1291.0563,70.791885,492.80634
175.6584,19.909845,138.35682
240.8589,16.436475,110.76831
1788.5196,66.42693,458.53344
3948.3171,63.16641,396.58401
3499.6581,92.18376,582.12252
3397.4946,63.61308,440.5545
256.5684,13.16097,8.81316
672.2136,20.986695,32.41035
288.6129,38.41713,68.06538
306.5868,10.2852,8.18379
358.7193,27.160335,62.67789
4076.7282,16.09209,84.62799
5870.7531,47.76066,170.45064
2826.7992,22.105935,98.2341
708.4665,11.865465,5.88843
6216.1731,86.866155,513.37485
2506.9095,9.5022,42.50385
4495.0815,13.90356,58.26771
19490.67,75.54357,293.64408
64312.5564,53.099145,280.39581
24917.9589,65.40246,275.04054
108089.0892,115.40574,632.38806
60774.8517,37.92096,232.60293
29958.1515,11.90052,65.13093
9697.9968,151.774965,902.51874
13578.5367,90.272385,562.22478
12726.2556,209.11968,1380.21237
11439.8037,265.36365,1714.89987
26993.1897,150.629265,1011.83211
13150.404,78.833475,514.99251
22680.6156,22.030515,112.44177
6468.3576,91.79712,521.35596
910.9422,2.278755,4.24944
8237.1393,168.732585,924.95637
4078.0539,60.19362,416.82699
8515.6587,166.845105,1024.77672
17191.7343,192.895695,930.5685
91662.1947,217.05714,1127.84292
142860.753,66.945105,229.40361
132102.5805,53.921745,352.48392
2204.8947,72.78048,443.59578
4582.1241,95.71878,632.96127
15423.1146,70.901055,475.87275
4955.4711,90.852795,543.40128
22199.6061,277.674795,1692.64224
15958.5039,304.55802,1795.30974
11873.6757,227.73897,1506.89151
51738.2181,442.80864,1698.25914
8436.9312,136.78965,828.0972
12367.1907,140.288355,906.46848
7503.7995,92.065365,623.87199
20201.3415,223.30053,1342.80243
11564.9046,20.114505,138.96981
14117.9715,49.57065,339.08787
2411.4069,48.93435,337.72599
967.8744,4.815225,33.70302
1386.0918,3.096315,21.66948
828.7137,39.81339,262.24128
3406.2255,90.86625,631.63143
2189.5641,132.931665,917.45073
4877.8974,74.313405,517.02966
1005.4566,63.283275,430.45065
9352.4337,215.811585,1469.00205
10623.0663,110.089755,761.53293
16631.6112,139.42845,927.3726
4144.9671,105.93441,738.93582
8444.5812,220.74417,1540.00854
28368.3843,196.824465,1275.06195
11.0934,0.03195,0.22365
590.2983,14.773635,98.61957
3666.897,40.758975,276.34635
38305.7253,69.113745,459.999
30954.1212,45.11934,315.25893
21149.4825,37.539315,255.95235
27324.8127,32.158935,223.46667
39501.657,56.534445,388.75626
47503.6407,10.299015,69.12738
841.5774,33.32034,142.73154
1028.4795,61.946055,317.08161
1274.0949,31.360635,203.67936
4410.0702,122.702445,809.66709
4094.0316,183.537315,1226.80854
2860.1991,63.8217,431.68122
2755.7001,92.747385,625.15188
4646.3076,141.46029,962.59275
5549.8275,133.14393,943.63587
3606.0642,41.489775,297.64359
5751.2313,55.86228,396.57438
5248.1601,152.92215,1051.98174
13650.6411,357.333705,2189.01438
12029.5548,190.77777,1331.54451
13434.5583,461.555775,3068.33814
34844.157,63.59265,326.00961
8664.7923,40.890285,286.89399
55428.8553,75.626055,435.16296
10431.6426,104.34114,729.4194
11119.6629,70.788195,505.62252
46544.7843,47.326185,314.82558
58818.4704,156.880305,1068.49359
10040.0787,74.29437,520.5717
22093.8885,38.86155,270.32265
13478.4945,29.43288,137.53197
523.4688,46.790595,164.8539
4570.4421,262.96317,1395.55863
2407.1319,98.210565,661.02813
1095.6969,41.38137,215.85168
1356.0282,41.699115,276.9561
687.2526,50.35095,240.1686
872.2314,61.46694,416.46195
1336.0554,68.1363,450.62694
1504.7235,20.92356,145.56087
1154.3256,72.750555,487.61163
0,0,0
0,0,0
0,0,0
0,0,0
0,0,0
0,0,0
0,0,0
0,0,0
0,0,0
0,0,0
0,0,0
0,0,0
0,0,0
0,0,0
0,0,0
0,0,0
0,0,0
0,0,0
0,0,0
0,0,0
0,0,0
0,0,0
0,0,0
0,0,0
0,0,0
0,0,0
0,0,0
0,0,0
0,0,0
0,0,0
0,0,0
0,0,0
0,0,0
0,0,0
0,0,0
0,0,0
0,0,0
0,0,0
0,0,0
0,0,0
0,0,0
0,0,0
0,0,0
0,0,0
0,0,0
0,0,0
0,0,0
18.9333,10.515735,4.19427
